text,id,sentiment,annotator,annotation_id,created_at,updated_at,lead_time
"50GB gone in one week, @Spectranet_NG na so? I am just tired.",1125,Negative,koredeakande@uni.minerva.edu,661,2021-10-28T13:15:28.998694Z,2021-10-28T13:15:28.998724Z,3.864
"@TheFunkyDee @Spectranet_NG Iâ€™m giving 
@Spectranet_NG
 a second thoughts with this, Iâ€™m this thinking of switching from Smile to 
@Spectranet_NG
 and this doesnâ€™t looks good. What would you advise me to do?",1122,Negative,koredeakande@uni.minerva.edu,658,2021-10-28T13:15:10.405765Z,2021-10-28T13:15:10.405796Z,14.504
@Spectranet_NG @FritztheJanitor Will they help me attend to other issues as well?,1121,Neutral,koredeakande@uni.minerva.edu,657,2021-10-28T13:14:55.664030Z,2021-10-28T13:14:55.664062Z,6.356
"From 30th May to date
MTN mifi - 10k
Spectranet - 10,250
Smile - 24,000
MTN mobile data - roughly 5-7k

Both MTN (14k) and Smile mifi(14,500) were bought within the last one month.
Spectranet deceived me ğŸ˜¢

ISPs have frustrated me https://t.co/Ef15VJUZU2",1120,Negative,koredeakande@uni.minerva.edu,656,2021-10-28T13:14:49.051771Z,2021-10-28T13:14:49.051805Z,10.678
Spectranet unlimited. Value for money https://t.co/GPDtuSnelE,1119,Positive,koredeakande@uni.minerva.edu,655,2021-10-28T13:14:38.115677Z,2021-10-28T13:14:38.115708Z,27.298
@TejuAdeyinka @Spectranet_NG I'm going to thier office today cos I can't be downloading at 40kb per second,1118,Negative,koredeakande@uni.minerva.edu,654,2021-10-28T13:14:10.546988Z,2021-10-28T13:14:10.547021Z,86.831
Is spectranet having network issues?,1117,Neutral,koredeakande@uni.minerva.edu,653,2021-10-28T13:12:43.483945Z,2021-10-28T13:12:43.483975Z,3.42
Spectranet giving me more reasons why I shouldn't renew my subscription this month ğŸ˜‘,1116,Negative,koredeakande@uni.minerva.edu,652,2021-10-28T13:12:39.827009Z,2021-10-28T13:12:39.827041Z,4.623
"@wifisupport1 @tizeti I should create a ticket again, I called customer service. They said it would be looked into. Still not working.",1113,Negative,koredeakande@uni.minerva.edu,649,2021-10-28T13:11:59.093006Z,2021-10-28T13:11:59.093037Z,12.269
@theshalvah My Tizeti has been awesome since I got back https://t.co/EFePUl6bnL,1112,Positive,koredeakande@uni.minerva.edu,648,2021-10-28T13:11:46.579690Z,2021-10-28T13:11:46.579721Z,4.21
"Spectranet subscriptions is the reason I don't own a car yet!

ğŸ˜”ğŸ˜”ğŸ˜”",1111,Neutral,koredeakande@uni.minerva.edu,647,2021-10-28T13:11:42.132197Z,2021-10-28T13:11:42.132229Z,9.857
"@tizeti Tizeti is not a good ISP 
I've been experiencing this for almost 48 hours and it still continues https://t.co/JJLUh6GJ5w",1110,Negative,koredeakande@uni.minerva.edu,646,2021-10-28T13:11:32.036560Z,2021-10-28T13:11:32.036594Z,4.929
@KhadijatTinuke Spectranet,1109,Neutral,koredeakande@uni.minerva.edu,645,2021-10-28T13:11:26.860755Z,2021-10-28T13:11:26.860786Z,3.531
@tizeti 997122 is the ticket number. Internet has been down since yesterday and you guys kept lying that the issue is fixed. Iâ€™m frustrated and tired of your style. I have to battle with epileptic service every other day. If you guys are not ready. Just pack it up and go ğŸ¤¦â€â™‚ï¸ğŸ¤¦â€â™‚ï¸ğŸ¤¦â€â™‚ï¸,1108,Negative,koredeakande@uni.minerva.edu,644,2021-10-28T13:11:23.086411Z,2021-10-28T13:11:23.086447Z,7.325
Spectranet and their stupid network.. Mtcheew,1107,Negative,koredeakande@uni.minerva.edu,643,2021-10-28T13:11:15.450301Z,2021-10-28T13:11:15.450342Z,3.855
Spectranet would not allow me to be great ğŸ˜•,1105,Negative,koredeakande@uni.minerva.edu,641,2021-10-28T13:11:02.343527Z,2021-10-28T13:11:02.343560Z,3.818
@funmiistic @tizeti Internet service provider.,1104,Neutral,koredeakande@uni.minerva.edu,640,2021-10-28T13:10:58.295993Z,2021-10-28T13:10:58.296025Z,4.067
@Spectranet_NG is today double data please ğŸ˜Š,1103,Neutral,koredeakande@uni.minerva.edu,639,2021-10-28T13:10:53.975402Z,2021-10-28T13:10:53.975439Z,5.146
@realdanielemeka Spectranet,1102,Neutral,koredeakande@uni.minerva.edu,638,2021-10-28T13:10:48.645075Z,2021-10-28T13:10:48.645106Z,3.121
"@Spectranet_NG 

I would like to switch to your services.
Is it possible to purchase just a SIM Card from your outlets. I have too many unused modems sitting around.",1101,Neutral,koredeakande@uni.minerva.edu,637,2021-10-28T13:10:45.265203Z,2021-10-28T13:10:45.265235Z,12.034
@confyscenty @officialbambam4 @Spectranet_NG Leemao. I actually bought an Ntel SIM o. Used them for 2 days and dumped them.. They're not different from Spectranet,1100,Negative,koredeakande@uni.minerva.edu,636,2021-10-28T13:10:32.970711Z,2021-10-28T13:10:32.970759Z,17.46
"@Spectranet_NG please donâ€™t let us be unfortunate this afternoon, I have plenty work to do and your internet is not even working. Location is Yaba.

Letâ€™s be guided please, thanks!",1099,Negative,koredeakande@uni.minerva.edu,635,2021-10-28T13:10:15.260137Z,2021-10-28T13:10:15.260168Z,7.592
@__nasarr I Dey reason activate my Spectranet coz 15gb on Airtel barely last me more than a week ğŸ¤·â€â™‚ï¸,1096,Neutral,koredeakande@uni.minerva.edu,632,2021-10-28T13:09:51.795550Z,2021-10-28T13:09:51.795583Z,8.071
"@Deejay_Klem @SmileComsNG Well this means I will stick with @Spectranet_NG . Sigh, the devil you know.",1095,Negative,koredeakande@uni.minerva.edu,631,2021-10-28T13:09:43.474430Z,2021-10-28T13:09:43.474461Z,10.118
"@ycombinator @kananyi @socialcapital @mwseibel @ACE_company 

Only @Tizeti https://t.co/lqJDcYhnOI offers A 4G internet service that cannot even load WhatsApp status. Thereâ€™s not one single thing this telecom service provides but mediocrity. Top notch mediocrity",1094,Negative,koredeakande@uni.minerva.edu,630,2021-10-28T13:09:33.115279Z,2021-10-28T13:09:33.115315Z,12.498
"@KhidKhordi That website be acting like an amber alert though. Like a sign of things to come.
At least tizeti get fine UI",1093,Positive,koredeakande@uni.minerva.edu,629,2021-10-28T13:09:20.327529Z,2021-10-28T13:09:20.327583Z,17.676
@JamesLantern2 Spectranet?,1090,Neutral,koredeakande@uni.minerva.edu,626,2021-10-28T13:08:42.244755Z,2021-10-28T13:08:42.244792Z,3.068
"Double data recharge on Spectranet. Get double the amount for today recharge only...

#truth761x @ Lagos, Nigeria https://t.co/pQILhhvMoh",1089,Neutral,koredeakande@uni.minerva.edu,625,2021-10-28T13:08:38.895376Z,2021-10-28T13:08:38.895407Z,6.754
Is there any Internet Service Provider in Nigeria that offers Unlimited data for a month with NO CAP ? Asides Tizeti please,1088,Negative,koredeakande@uni.minerva.edu,624,2021-10-28T13:08:31.873530Z,2021-10-28T13:08:31.873567Z,8.44
@wifisupport1 @tizeti how far???,1087,Neutral,koredeakande@uni.minerva.edu,623,2021-10-28T13:08:23.053657Z,2021-10-28T13:08:23.053700Z,2945.101
"@ajepintos Lol. I give up fam. 

Tizeti is useless",1086,Negative,koredeakande@uni.minerva.edu,622,2021-10-28T12:19:17.619764Z,2021-10-28T12:19:17.619796Z,4.13
@Spectranet_NG wiped out 15GB of data in 2days on a line associated with a POS Device that has an average daily traffic of about 30mb. I have asked for concrete details of what happened from the 29th till today before taking further action.  @NgComCommission,1084,Negative,koredeakande@uni.minerva.edu,620,2021-10-28T12:19:09.418117Z,2021-10-28T12:19:09.418154Z,11.583
"@Benjamin_Alamu @SWIFT4Glte @ntelng Surprisingly @wifi.com.ng is very good where I stay 

No issues whatsoever",1083,Positive,koredeakande@uni.minerva.edu,619,2021-10-28T12:18:57.573156Z,2021-10-28T12:18:57.573209Z,5.667
What is that link that use in checking internet speed abeg?? I need to send this nonsense to @Spectranet_NG,1082,Negative,koredeakande@uni.minerva.edu,618,2021-10-28T12:18:51.565917Z,2021-10-28T12:18:51.565945Z,100.212
@bashirobasekola @tizeti @wifisupport1 Thanks Uncle. How are you doing Sir?,1080,Neutral,koredeakande@uni.minerva.edu,616,2021-10-28T12:16:58.862701Z,2021-10-28T12:16:58.862733Z,10.233
@Spectranet_NG Had to switch to my mobile network to send this tweet.,1079,Negative,koredeakande@uni.minerva.edu,615,2021-10-28T12:16:48.395100Z,2021-10-28T12:16:48.395132Z,4.663
Tizeti have decided not to come install my internet @tizeti,1077,Negative,koredeakande@uni.minerva.edu,613,2021-10-28T12:16:37.605345Z,2021-10-28T12:16:37.605379Z,6.056
"@wifisupport1 @tizeti 
Now am enjoying what I paid for. Kudos 

#EndSARS",1076,Positive,koredeakande@uni.minerva.edu,612,2021-10-28T12:16:31.308657Z,2021-10-28T12:16:31.308690Z,9.605
@Officialkome_ @Spectranet_NG This people don frustrate me finish kai. Iâ€™m tired,1075,Negative,koredeakande@uni.minerva.edu,611,2021-10-28T12:16:21.023587Z,2021-10-28T12:16:21.023618Z,5.357
@Techpointdotng @TheEnike @tizeti Smoooth,1074,Neutral,koredeakande@uni.minerva.edu,610,2021-10-28T12:16:15.412342Z,2021-10-28T12:16:15.412374Z,8.906
"Have netflix, have wifi but still bored because tizeti is running at 23kbps so I cant watch nothing. I'm frustrated o",1073,Negative,koredeakande@uni.minerva.edu,609,2021-10-28T12:16:06.237818Z,2021-10-28T12:16:06.237868Z,6.115
"@dynmsy @wifisupport1 @tizeti @fccpcnigeria This is their new style, they used to be good with emails. Now they are pathetic. My subscription expires today, the last of my money theyâ€™ll have.",1071,Negative,koredeakande@uni.minerva.edu,607,2021-10-28T12:15:41.972325Z,2021-10-28T12:15:41.972355Z,15.43
Me waiting out Spectranet to offer double data before I subscribe https://t.co/IGRw6Ch8f7,1070,Neutral,koredeakande@uni.minerva.edu,606,2021-10-28T12:05:41.960894Z,2021-10-28T12:05:41.960923Z,275.833
@myaccessbank Hello Please I can't seem to find the Spectranet option on the #AccessMore application.,1069,Neutral,koredeakande@uni.minerva.edu,605,2021-10-28T12:01:05.736504Z,2021-10-28T12:01:05.736549Z,4.7
@Omo_West12 @Spectranet_NG I don help you tell @Spectranet_NG na,1068,Neutral,koredeakande@uni.minerva.edu,604,2021-10-28T12:01:00.791970Z,2021-10-28T12:01:00.792002Z,12.586
"MTN , Spectranet you guys need deliverance! ğŸ¤¦ğŸ½â€â™€ï¸",1067,Negative,koredeakande@uni.minerva.edu,603,2021-10-28T12:00:47.967232Z,2021-10-28T12:00:47.967265Z,9.442
@tizeti Iâ€™m not enjoying this network. Subscribed for 2months so I can work from home but itâ€™s really frustrating,1066,Negative,koredeakande@uni.minerva.edu,602,2021-10-28T12:00:38.284743Z,2021-10-28T12:00:38.284818Z,3.944
"@Ayomikun_O_ @yoruba_dev @Spectranet_NG I'm.yet to turn on mine today 
If I do I'd join in defs",1065,Neutral,koredeakande@uni.minerva.edu,601,2021-10-28T12:00:34.100263Z,2021-10-28T12:00:34.100323Z,6.986
@Spectranet_NG are you people normal now ?,1064,Negative,koredeakande@uni.minerva.edu,600,2021-10-28T12:00:26.870547Z,2021-10-28T12:00:26.870579Z,14.663
@modelina The best! Spectranet 12k5 monthly Tizzeti 9k5,1063,Positive,koredeakande@uni.minerva.edu,599,2021-10-28T12:00:11.967742Z,2021-10-28T12:00:11.967776Z,23.82
"Dear 
@Spectranet_NG
 I got this message from you guys
Dear Customer, Data subscribed on your UserID 13980235 has been exhausted. Pls Renew/Upgrade & enjoy continuity of plan benefits.T&C Apply

I have up to 13gig left. Is this the new marketing trend now??",1062,Neutral,koredeakande@uni.minerva.edu,598,2021-10-28T11:59:47.906859Z,2021-10-28T11:59:47.906890Z,14.247
"@Spectranet_NG Account was made active yesterday by the agent in yaba. I could only use it in yaba but no signal when I get home(Ilupeju). My concern is about using it at home which was the reason I made the purchase.
How may you help on that?
",1061,Negative,koredeakande@uni.minerva.edu,597,2021-10-28T11:59:33.421076Z,2021-10-28T11:59:33.421109Z,12.327
@SocratesErasmus @MTNNG Gonna buy spectranet tomorrow! Mtn has made me finish my house rent ğŸ˜©ğŸ˜©ğŸ˜­,1060,Positive,koredeakande@uni.minerva.edu,596,2021-10-28T11:59:20.842879Z,2021-10-28T11:59:20.842932Z,6.287
"Tizeti your network is trash... I canâ€™t open any website, Netflix canâ€™t load on the tv. Phew",1059,Negative,koredeakande@uni.minerva.edu,595,2021-10-28T11:59:14.230876Z,2021-10-28T11:59:14.230909Z,2.957
"According to Spectranet, if you stay around Awoyaya, Lakowe, Bogije and beyond you are not on Lagos map ğŸ¤”ğŸ¤”ğŸ¤”",1058,Neutral,koredeakande@uni.minerva.edu,594,2021-10-28T11:59:11.024300Z,2021-10-28T11:59:11.024332Z,12.523
"@CaxtonJP @SirWolX @tizeti My thoughts exactly. Look me now wey no dey do DSTV, I am solely a Data guy, these UCL nights, i had my Spectranet and Airtel on at the same time. Laptop on Airtel, TV on Spectranet. Omo Airtel just dey stream smooth, Spectranet na wa. It was frustrating.",1056,Negative,koredeakande@uni.minerva.edu,592,2021-10-28T11:58:49.990489Z,2021-10-28T11:58:49.990523Z,19.339
Dear @Spectranet_NG what's up with your network?? Been down since last night.,1055,Negative,koredeakande@uni.minerva.edu,591,2021-10-28T11:58:30.413292Z,2021-10-28T11:58:30.413321Z,2.886
I have finally been delivered from Spectranet! Thank you lord,1054,Negative,koredeakande@uni.minerva.edu,590,2021-10-28T11:58:27.298986Z,2021-10-28T11:58:27.299016Z,4.916
"Spectranet's network has been terrible. 
Every thing is a problem in this country.",1053,Negative,koredeakande@uni.minerva.edu,589,2021-10-28T11:58:22.143180Z,2021-10-28T11:58:22.143210Z,3.601
@SavvyRinu I would have recommended spectranet but they are terribly slow of late,1052,Negative,koredeakande@uni.minerva.edu,588,2021-10-28T11:58:18.308331Z,2021-10-28T11:58:18.308360Z,4.837
"More than15 hours without Social Media. @Spectranet_NG did the most with their shitty network today. Literally havenâ€™t done any efficient work all day. 
Then iPhone reset did its own too, taking me back to January cos of iCloud misbehaviour. ğŸ¤¦ğŸ½â€â™€ï¸

I forgive you all.",1051,Negative,koredeakande@uni.minerva.edu,587,2021-10-28T11:58:13.234406Z,2021-10-28T11:58:13.234441Z,7.455
Spectranet can misbehave sha when you needed it..,1050,Negative,koredeakande@uni.minerva.edu,586,2021-10-28T11:58:05.533202Z,2021-10-28T11:58:05.533234Z,3.807
@Adejokee_ @tizeti Same here ooo same here no internet in the same time. Iâ€™m so upset I swear,1049,Negative,koredeakande@uni.minerva.edu,585,2021-10-28T11:57:54.971084Z,2021-10-28T11:57:54.971115Z,5.762
GLO &amp; Spectranet been shiiiiit for days now.,1047,Negative,koredeakande@uni.minerva.edu,583,2021-10-28T11:57:41.753704Z,2021-10-28T11:57:41.753736Z,6.867
@teebouiie @saintLumy @mstifey Spectranet is super horrible since covid 19 started seems their network has the virus ğŸ¦ ,1046,Negative,koredeakande@uni.minerva.edu,582,2021-10-28T11:57:34.407506Z,2021-10-28T11:57:34.407618Z,7.361
"HelloÂ 
@Spectranet_NG
Â 
Please, the network quality has been rather poor in my 2 prominent locations (Papa Ajao and Oregun) in the last 2 months, especially from 3pm

It's getting embarrassing when I have to call that network hasn't let me recieve important emails ğŸ™‚",1045,Negative,koredeakande@uni.minerva.edu,581,2021-10-28T11:57:26.802936Z,2021-10-28T11:57:26.802967Z,5.05
I was not told spectranet network is now shitty ehhh,1044,Negative,koredeakande@uni.minerva.edu,580,2021-10-28T11:57:21.512241Z,2021-10-28T11:57:21.512272Z,7.06
@dejokecarew Spectranet?,1043,Neutral,koredeakande@uni.minerva.edu,579,2021-10-28T11:57:14.221337Z,2021-10-28T11:57:14.221369Z,4.919
@Spectranet_NG  wetin dey happen gan gan ?  The service since Monday has been SUPER horrible ...,1042,Negative,koredeakande@uni.minerva.edu,578,2021-10-28T11:57:09.065319Z,2021-10-28T11:57:09.065354Z,4.625
This game dey hungry me tonight but Spectranet dey do oriiibu at the moment https://t.co/RyhV9obLbS,1041,Negative,koredeakande@uni.minerva.edu,577,2021-10-28T11:57:04.193609Z,2021-10-28T11:57:04.193644Z,15.368
This internet hasnâ€™t worked all day. @wifisupport1 @tizeti,1040,Negative,koredeakande@uni.minerva.edu,576,2021-10-28T11:56:48.624854Z,2021-10-28T11:56:48.624885Z,2.704
Please does anyone know how @Spectranet_NG insurance claim works? The thing be like scam like this oh.,1039,Neutral,koredeakande@uni.minerva.edu,575,2021-10-28T11:56:45.609562Z,2021-10-28T11:56:45.609592Z,20.287
"@NonsoBassey @TheLexash @Spectranet_NG Mine isnâ€™t working at all ğŸ˜ª
Trash network",1038,Negative,koredeakande@uni.minerva.edu,574,2021-10-28T11:56:25.059572Z,2021-10-28T11:56:25.059604Z,5.427
"Companies in the same useless category during this quarantine period:
1ï¸âƒ£ NEPA aka PHCN @phcnnigeria
2ï¸âƒ£ @Spectranet_NG 

Very useless.",1037,Negative,koredeakande@uni.minerva.edu,573,2021-10-28T11:56:19.394191Z,2021-10-28T11:56:19.394251Z,5.524
@Spectranet_NG what is going on?? Where is my data?,1036,Negative,koredeakande@uni.minerva.edu,572,2021-10-28T11:56:13.637594Z,2021-10-28T11:56:13.637648Z,4.5
"Customer reps over the phone @Spectranet_NG, usually hv helpful responses, but today, twas like both ladies I spoke with had awful meetings with their boss. It's funny how they end the call with ""thank you for choosing Spectranet"" without even letting me finishğŸ™„ @m_customerfirst",1035,Negative,koredeakande@uni.minerva.edu,571,2021-10-28T11:56:08.871266Z,2021-10-28T11:56:08.871301Z,30.621
@Bumbabilii Spectranet baby Lool,1034,Neutral,koredeakande@uni.minerva.edu,570,2021-10-28T11:55:37.992747Z,2021-10-28T11:55:37.992778Z,5.178
"@Spectranet_NG 
What kind of service is #Spectranet_NG delivering nowadays? It's been a week since I've had any network service on any of my devices (CPE &amp; Mini) at #Yaba, Onike precisely.
Multiple calls to the Customer Care lines, but just empty promises to look into it. Shame!",1033,Negative,koredeakande@uni.minerva.edu,569,2021-10-28T11:55:32.581667Z,2021-10-28T11:55:32.581700Z,5.115
"MTNN @MTNNG  and spectranet if you guys are not going to dash us data atleast come correct on your services.
We can't be wasting money in these glorious times.",1032,Negative,koredeakande@uni.minerva.edu,568,2021-10-28T11:55:27.234085Z,2021-10-28T11:55:27.234117Z,7.78
@Spectranet_NG bet why? I have paid ... Connect me now,1031,Neutral,koredeakande@uni.minerva.edu,567,2021-10-28T11:55:19.218313Z,2021-10-28T11:55:19.218366Z,5.932
@Spectranet_NG @yinkar_44 But @MaziIbe_ is always complaining and I believe most of what he says.. so wetin go come sup now?,1030,Negative,koredeakande@uni.minerva.edu,566,2021-10-28T11:55:13.029281Z,2021-10-28T11:55:13.029314Z,13.225
Spectranet has been really shitty lately,1029,Negative,koredeakande@uni.minerva.edu,565,2021-10-28T11:54:59.576106Z,2021-10-28T11:54:59.576138Z,3.132
@henreeneo @tizeti @AirtelNigeria Yeah,1028,Neutral,koredeakande@uni.minerva.edu,564,2021-10-28T11:54:56.214346Z,2021-10-28T11:54:56.214383Z,3.366
"Anyone in surulere using smile network?
Spectranet has been quite unfortunate",1027,Negative,koredeakande@uni.minerva.edu,563,2021-10-28T11:54:52.619059Z,2021-10-28T11:54:52.619092Z,4.94
@tizeti my internet is still not working.  You are costing my money. Iâ€™ve had to subscribe on my other internet since Saturday and I know how much I have spent. ğŸ¤¦â€â™‚ï¸ğŸ¤¦â€â™‚ï¸ğŸ¤¦â€â™‚ï¸ğŸ¤¦â€â™‚ï¸,1025,Negative,koredeakande@uni.minerva.edu,561,2021-10-28T11:54:36.810053Z,2021-10-28T11:54:36.810084Z,4.384
Another good day to remind y'all that @Spectranet_NG is trash,1024,Negative,koredeakande@uni.minerva.edu,560,2021-10-28T11:54:32.238291Z,2021-10-28T11:54:32.238326Z,3.828
"@AtoyebiBamidel2 @dzinkuz @DrJoeAbah @Spectranet_NG @ntelng My brother, if you stay in Lagos invite me to come this weekend. 
I'm telling you what i know, it's capped. 
Even ask their customer care.",1023,Neutral,koredeakande@uni.minerva.edu,559,2021-10-28T11:54:28.163244Z,2021-10-28T11:54:28.163274Z,12.597
@Spectranet_NG you owe me 10gb,1022,Neutral,koredeakande@uni.minerva.edu,558,2021-10-28T11:54:15.328609Z,2021-10-28T11:54:15.328642Z,6.233
"@Jideofod @Rikko007 @wifisupport1 @tizeti Thatâ€™s because they boarded too much customer in March when lockdown was in effect. They didnâ€™t increase capacity, they keep lying about things that are not.",1021,Negative,koredeakande@uni.minerva.edu,557,2021-10-28T11:54:08.811949Z,2021-10-28T11:54:08.812021Z,12.379
"@Spectranet_NG @GlobacomNigeria I have sent you something on the frustrating experience through your seflcare portal after several complaints and a visit to your Bode Thomas office. Pls fix it today and forever...Otherwise, I port",1020,Negative,koredeakande@uni.minerva.edu,556,2021-10-28T11:53:56.185695Z,2021-10-28T11:53:56.185733Z,16.94
Spectranet has been terrible https://t.co/lv4SUX5lwP,1019,Negative,koredeakande@uni.minerva.edu,555,2021-10-28T11:53:39.054840Z,2021-10-28T11:53:39.054873Z,2.696
@EyitayoFajinmi @Spectranet_NG Very poor coverage in Ikate. Very poor ğŸ’”ğŸ’”ğŸ’”,1018,Negative,koredeakande@uni.minerva.edu,554,2021-10-28T11:53:36.124106Z,2021-10-28T11:53:36.124158Z,4.076
Omo my network no go since morning both airtel and Tizeti canâ€™t even recharge my 9mobile,1017,Negative,koredeakande@uni.minerva.edu,553,2021-10-28T11:53:31.802254Z,2021-10-28T11:53:31.802287Z,14.251
@cchukudebelu @Spectranet_NG Huawei,1016,Neutral,koredeakande@uni.minerva.edu,552,2021-10-28T11:53:17.315566Z,2021-10-28T11:53:17.315599Z,4.1
@Spectranet_NG definitely needs to pay for this pain and suffering they've put me through in the past month. I spend an average of 45k every two months for this trash internet.,1015,Negative,koredeakande@uni.minerva.edu,551,2021-10-28T11:53:12.983318Z,2021-10-28T11:53:12.983351Z,7.201
"@DrJoeAbah @Spectranet_NG Iâ€™m currently building a business... several hours of planning and designing on paper... the only thing that is certain is how I will make sure that I do everything Iâ€™ve promised my customers. I canâ€™t live with it, I wonder how these companies do it. @Teeniken",1014,Negative,koredeakande@uni.minerva.edu,550,2021-10-28T11:53:05.536170Z,2021-10-28T11:53:05.536202Z,16.713
Maybe I'll switch to Tibet,1013,Neutral,koredeakande@uni.minerva.edu,549,2021-10-28T11:52:48.584095Z,2021-10-28T11:52:48.584126Z,6.753
"The network reception happens to be very poor in the Onike area of Lagos and a Tizeti representative advised that we apply for a refund via mail . (Series of emails have been sent , but @tizeti haven't done the needful )",1012,Negative,koredeakande@uni.minerva.edu,548,2021-10-28T11:52:41.483292Z,2021-10-28T11:52:41.483324Z,11.939
Is spectranet doing 100% today?,1011,Neutral,koredeakande@uni.minerva.edu,547,2021-10-28T11:52:21.595014Z,2021-10-28T11:52:21.595091Z,5.024
"@Spectranet_NG Good day 
Please I will like to know how strong is your network in Alapere area of Lagos State. Oriola Axis to be precise",1010,Neutral,koredeakande@uni.minerva.edu,546,2021-10-28T11:52:16.195432Z,2021-10-28T11:52:16.195468Z,11.598
Spectranet trust me I can assure you donâ€™t try smile ğŸ˜ƒ https://t.co/wE8IHGCdxZ,1009,Positive,koredeakande@uni.minerva.edu,545,2021-10-28T11:52:04.346784Z,2021-10-28T11:52:04.346818Z,10.328
"@DrOlufunmilayo @AirtelNigeria
@9mobileng
@MTNNG
@GloWorld
@ntelcare
@ntelng
@Spectranet_NG
@Cobranetisp
@Mainoneservice
@ipNXTweet
#CutDataPrices
#CutDataPrices
#CutDataPrices
#CutDataPrices
#CutDataPrices
#CutDataPrices
#CutDataPrices
#CutDataPrices
#CutDataPrices",1008,Negative,koredeakande@uni.minerva.edu,544,2021-10-28T11:51:53.753219Z,2021-10-28T11:51:53.753250Z,10.414
Does your sim card work on phones? @Spectranet_NG,1007,Neutral,koredeakande@uni.minerva.edu,543,2021-10-28T11:51:43.109745Z,2021-10-28T11:51:43.109779Z,4.217
@ganji118 @officialbambam4 @Spectranet_NG I agree,1006,Neutral,koredeakande@uni.minerva.edu,542,2021-10-28T11:51:38.645890Z,2021-10-28T11:51:38.645924Z,16.829
"@daslimfop @Spectranet_NG I've started exploring other options tbh.

10k monthly in this economy is no joke....I can't be paying that much and not even enjoy what I'm paying for.

Their usefuÄºness in the past couple of weeks has been reducing on a daily basis.",1005,Negative,koredeakande@uni.minerva.edu,541,2021-10-28T11:51:21.573283Z,2021-10-28T11:51:21.573316Z,8.106
"Torh I donâ€™t know. Once I connect my Spectranet to my laptop like this thatâ€™s like 2gb gone (within 20 mins), I worked from home through out this week with my hotspot and my data is still much https://t.co/yEbZbGO48g",1003,Negative,koredeakande@uni.minerva.edu,539,2021-10-28T11:51:08.642451Z,2021-10-28T11:51:08.642531Z,10.848
@GUE_VARO @DrJoeAbah @iSlimfit @Spectranet_NG Why were you shocked?,1002,Neutral,koredeakande@uni.minerva.edu,538,2021-10-28T11:50:57.550973Z,2021-10-28T11:50:57.551005Z,6.375
"@ONIOyewole1 @Spectranet_NG Baba, be like you go gimme some of this ya Oxygen oooo. I need air",1001,Neutral,koredeakande@uni.minerva.edu,537,2021-10-28T11:50:50.924757Z,2021-10-28T11:50:50.924790Z,6.206
"After more than 21 minutes of call, @wifisupport1 @tizeti didn't pick my call. Have you guys blacklisted my number? Anyway, as usual, the internet is bad again and unusable. Please help us adjust it like you did the last time. Since it's your delight that we BEG you every time https://t.co/8ibZEc1u7D",999,Negative,koredeakande@uni.minerva.edu,535,2021-10-28T11:49:21.744357Z,2021-10-28T11:49:21.744391Z,11.772
All but that plan won't last upto two weeks... But ive been getting positive review about spectranet... Dunno much about them though.,998,Positive,koredeakande@uni.minerva.edu,534,2021-10-28T11:49:09.715144Z,2021-10-28T11:49:09.715174Z,9.523
@DEUXSVELTE Yea thatâ€™s where I went to.  Which of the Spectranet do you have?,997,Neutral,koredeakande@uni.minerva.edu,533,2021-10-28T11:48:59.948966Z,2021-10-28T11:48:59.948998Z,7.685
@NejeebBello @isnotpolitics @tizeti Talk oh,996,Neutral,koredeakande@uni.minerva.edu,532,2021-10-28T11:48:52.031663Z,2021-10-28T11:48:52.031696Z,5.308
"@Spectranet_NG I'm really tired of this crippled network lately. 
Fix up!!",994,Negative,koredeakande@uni.minerva.edu,530,2021-10-28T11:48:31.839843Z,2021-10-28T11:48:31.839881Z,3.69
@Iam_Olusanya @Omo_West12 @Spectranet_NG I should give you away to what exactly?,993,Neutral,koredeakande@uni.minerva.edu,529,2021-10-28T11:48:27.916230Z,2021-10-28T11:48:27.916264Z,11.361
Man if I ever sub on this @Spectranet_NG again make my sperm turn water. Fucking had it with their incompetence https://t.co/FY0f5IGscl,992,Negative,koredeakande@uni.minerva.edu,528,2021-10-28T11:48:16.312016Z,2021-10-28T11:48:16.312049Z,6.548
@Spectranet_NG @SPECTRANETLTE the most useless and stupid networkâ€¼ï¸ stupid people... #acemifi is the worst #scam,991,Negative,koredeakande@uni.minerva.edu,527,2021-10-28T11:48:09.521802Z,2021-10-28T11:48:09.521840Z,4.89
Na GPRS una dey run me no lie @Spectranet_NG,988,Negative,koredeakande@uni.minerva.edu,524,2021-10-28T11:47:18.535854Z,2021-10-28T11:47:18.535888Z,23.905
@zimmani @JerrieRotimi @Spectranet_NG Theyâ€™re all the same,987,Neutral,koredeakande@uni.minerva.edu,523,2021-10-28T11:46:54.382166Z,2021-10-28T11:46:54.382226Z,10.455
Spectranet is awful,986,Negative,koredeakande@uni.minerva.edu,522,2021-10-28T11:46:43.739665Z,2021-10-28T11:46:43.739698Z,2.605
"So it has gotten to this point ahn?

@Spectranet_NG just sent me this notification and I am like, na so government sha want frustrate us ehn. https://t.co/VnKcoVlVpK",985,Neutral,koredeakande@uni.minerva.edu,521,2021-10-28T11:46:40.889211Z,2021-10-28T11:46:40.889244Z,10.014
"@yemi909 @rakspd @Spectranet_NG @AirtelNigeria When I get spare change, i will do just that",983,Neutral,koredeakande@uni.minerva.edu,519,2021-10-28T11:46:11.145548Z,2021-10-28T11:46:11.145580Z,37.096
Spectranet is a really shitty network @Spectranet_NG Iâ€™m so disappointed,982,Negative,koredeakande@uni.minerva.edu,518,2021-10-28T11:45:33.864979Z,2021-10-28T11:45:33.865012Z,3.091
Please suggest a new ISP for me SPECTRANET are bunch of idiaaaat ğŸ˜­ğŸ˜«ğŸ˜«...,981,Negative,koredeakande@uni.minerva.edu,517,2021-10-28T11:45:30.537225Z,2021-10-28T11:45:30.537259Z,4.12
Tried downloading this yesterday it was showing me 2days and 12hours. Spectranet your father,979,Negative,koredeakande@uni.minerva.edu,515,2021-10-28T11:45:15.395683Z,2021-10-28T11:45:15.395716Z,6.259
"@Spectranet_NG Una useless oooo . Several calls , mails ... No response, Iâ€™ve been talking to machine since 3 days",978,Negative,koredeakande@uni.minerva.edu,514,2021-10-28T11:45:08.908158Z,2021-10-28T11:45:08.908193Z,3.647
@Spectranet_NG have you fixed up?,977,Negative,koredeakande@uni.minerva.edu,513,2021-10-28T11:45:05.065531Z,2021-10-28T11:45:05.065585Z,5.745
@philznnona @Spectranet_NG Oh you have had issues with them or?! I subscribed and after so many mails and text and calls nothing was done! Now my package I meant to end tonight and i have not even used up to 1% of the data I paid for,976,Negative,koredeakande@uni.minerva.edu,512,2021-10-28T11:44:59.088865Z,2021-10-28T11:44:59.088898Z,7.42
"They are all trash, I have swift that is slower than a tortoise and Tizeti that is non existent. Almost 2 hours to download a 65mb file https://t.co/USvnWq2eVV",975,Negative,koredeakande@uni.minerva.edu,511,2021-10-28T11:44:51.422987Z,2021-10-28T11:44:51.423020Z,5.541
This spectranet is super annoying,973,Negative,koredeakande@uni.minerva.edu,509,2021-10-28T11:44:00.457573Z,2021-10-28T11:44:00.457606Z,2.645
"If I didnâ€™t have money to buy data now , itâ€™s understandable, which one is someone will buy data and you wonâ€™t be able to use it , aye le 
@spectranet ğŸ˜¡ ğŸ˜¡",972,Negative,koredeakande@uni.minerva.edu,508,2021-10-28T11:43:57.563005Z,2021-10-28T11:43:57.563040Z,8.912
"@FirstBankngr Hello FBN, I made a Bill Payment for Spectranet Ltd (Internet Subscription N18,525) on 18/08/2020 Time: 13:33pm. Merchants hasnâ€™t received payment and asked to contact my Bank. Please refer to DM for details of Ref. Number. Thanks",971,Neutral,koredeakande@uni.minerva.edu,507,2021-10-28T11:43:48.415859Z,2021-10-28T11:43:48.415892Z,4.535
@DavidIAdeleke @SWIFTNetworksNG Same with @Spectranet_NG. They've all been terrible this period!,970,Negative,koredeakande@uni.minerva.edu,506,2021-10-28T11:43:43.634945Z,2021-10-28T11:43:43.634977Z,5.496
"Spectranet stressing me all weekend ! 
No wa tired mehn",969,Negative,koredeakande@uni.minerva.edu,505,2021-10-28T11:43:37.906215Z,2021-10-28T11:43:37.906253Z,4.425
The whole of Tizeti really needs to be ğŸš®. One week straight with trash network ğŸ˜­ğŸ˜­,967,Negative,koredeakande@uni.minerva.edu,503,2021-10-28T11:43:30.607796Z,2021-10-28T11:43:30.607828Z,8.517
@Spectranet_NG your network has been trashy for the past 2-3 days now.. Fix it. https://t.co/iUbJ0OBCvO,966,Negative,koredeakande@uni.minerva.edu,502,2021-10-28T11:43:21.861832Z,2021-10-28T11:43:21.861873Z,4.15
@Kevwekofi @efosaaigbe @aikmamah @edomalo @chefobubu @LindaEjiofor @tizeti @denikeoyetunde I tell ya,965,Neutral,koredeakande@uni.minerva.edu,501,2021-10-28T11:43:17.480385Z,2021-10-28T11:43:17.480465Z,4.345
"@OniosunTemidayo @SPARKLYN_SHY @Spectranet_NG @Spectranet_ltd I concur, they are very useless. I threw threw useless white mifi away since.",964,Negative,koredeakande@uni.minerva.edu,500,2021-10-28T11:43:12.894739Z,2021-10-28T11:43:12.894771Z,6.608
"Dear @wifisupport1,
I just spoke with an agent of yours who says Tizeti doesn't make refunds for your teleport service that didn't work.
On same day the service was activated, I had immediately sent a mail to Support complaining that it doesn't work. I got no response.",963,Negative,koredeakande@uni.minerva.edu,499,2021-10-28T11:43:06.040346Z,2021-10-28T11:43:06.040379Z,22.55
Shame on you @Spectranet,962,Negative,koredeakande@uni.minerva.edu,498,2021-10-28T11:42:43.238125Z,2021-10-28T11:42:43.238184Z,3.048
"@wuraola_Kayode @Spectranet_NG Ha, subscribing to Spectranet now is like throwing money inside the ocean.",960,Negative,koredeakande@uni.minerva.edu,496,2021-10-28T11:42:35.699920Z,2021-10-28T11:42:35.699954Z,6.665
@9mobileng @Spectranet_NG life shouldn't be this hard ğŸ˜« https://t.co/vWVKXnzt5R,959,Negative,koredeakande@uni.minerva.edu,495,2021-10-28T11:42:28.792053Z,2021-10-28T11:42:28.792112Z,4.43
@Spectranet_NG I havenâ€™t been able use the internet all morning and your customer care line isnâ€™t going through. I have office work to do! Whatâ€™s happening?!,958,Negative,koredeakande@uni.minerva.edu,494,2021-10-28T11:42:24.028753Z,2021-10-28T11:42:24.028784Z,5.318
@Khaleed_ng @MBuhari @jidesanwoolu my Spectranet device. Acct! 14747832 abeg.,957,Neutral,koredeakande@uni.minerva.edu,493,2021-10-28T11:42:18.526416Z,2021-10-28T11:42:18.526452Z,3.621
Tizeti have taken their internet. Lemme go an take a nap,956,Neutral,koredeakande@uni.minerva.edu,492,2021-10-28T11:42:14.654070Z,2021-10-28T11:42:14.654104Z,5.566
@maroq I promise to charge my phone and pray @Spectranet_NG gives me the best network at that time ğŸ˜‚,955,Neutral,koredeakande@uni.minerva.edu,491,2021-10-28T11:42:08.816458Z,2021-10-28T11:42:08.816511Z,8.013
@obagomez1 @DrJoeAbah @Spectranet_NG My data is now exhausted. They will start calling for me to renew. Smh,954,Neutral,koredeakande@uni.minerva.edu,490,2021-10-28T11:42:00.555826Z,2021-10-28T11:42:00.555888Z,22.87
@Spectranet_NG your NIN portal isnt working o. Button changes to â€œsubmittingâ€ and changes back to â€œsubmitâ€ after 10mins...no success/failure message,952,Negative,koredeakande@uni.minerva.edu,488,2021-10-28T11:41:21.575912Z,2021-10-28T11:41:21.575946Z,6.828
@skenky2g1 @wifisupport1 @tizeti @aydtweets @OloladeOlaniyi Am sorry bro.. we rock same boat @wifisupport1 @tizeti @skenky2g1 concerns are on the increase like a pandemic... you need to flatten the curve,951,Negative,koredeakande@uni.minerva.edu,487,2021-10-28T11:41:14.512180Z,2021-10-28T11:41:14.512212Z,7.659
@Spectranet_NG @NgComCommission Sent. Kindly respond to your dm,950,Neutral,koredeakande@uni.minerva.edu,486,2021-10-28T11:41:06.604187Z,2021-10-28T11:41:06.604221Z,6.718
"@IkejaElectric dey do their own since morning no light, now @Spectranet_NG wan join with poor internet service. Na wa ooo",949,Negative,koredeakande@uni.minerva.edu,485,2021-10-28T11:40:59.633824Z,2021-10-28T11:40:59.633860Z,6.707
"@comfyzy @Spectranet_NG I really don't know why NCC hasn't investigated them but then again, this is Nigeria.",948,Negative,koredeakande@uni.minerva.edu,484,2021-10-28T11:40:52.680408Z,2021-10-28T11:40:52.680458Z,6.777
"Hello @Spectranet_NG, your network for over a week in Surulere has been extremely crappy. What exactly is going on? I mean I canâ€™t do things at a fast rate and itâ€™s stressing me out. Can you rectify it as soon as possible? Thanks",947,Negative,koredeakande@uni.minerva.edu,483,2021-10-28T11:40:45.637458Z,2021-10-28T11:40:45.637521Z,6.198
"@Spectranet_NG why have you guys decided to frustrate me today?

Just why?

I cant even open a webpage... like... Your network is just crap... Gets worse every breathing moment.

I'm tired of calling and receiving the same set of instructions that never works.

Can you fix upğŸ˜¡ğŸ˜¡",946,Negative,koredeakande@uni.minerva.edu,482,2021-10-28T11:39:19.827087Z,2021-10-28T11:39:19.827125Z,5.731
@TheJideLagos Did my spectranet sometimes ago maybe Na the wrong person . Ask of bode that repairs iphone should be able to link you,944,Neutral,koredeakande@uni.minerva.edu,480,2021-10-28T11:39:05.123310Z,2021-10-28T11:39:05.123356Z,9.616
@Spectranet_NG please what's the issue with your service around Marina area(Lagos) . I haven't been able to use my Mifi all day. This is freaking tiring.,943,Negative,koredeakande@uni.minerva.edu,479,2021-10-28T11:38:55.274975Z,2021-10-28T11:38:55.275008Z,5.41
"Specy @Spectranet_NG  warris all dis na!
La ta aro!",942,Negative,koredeakande@uni.minerva.edu,478,2021-10-28T11:38:49.629385Z,2021-10-28T11:38:49.629416Z,10.199
@Spectranet_NG you have the worse customer service ever cc @ConsumersNCC,941,Negative,koredeakande@uni.minerva.edu,477,2021-10-28T11:38:39.202263Z,2021-10-28T11:38:39.202295Z,6.943
@Spectranet_NG pls are you ppl still doing promo for new subscribers ?,940,Neutral,koredeakande@uni.minerva.edu,476,2021-10-28T11:38:32.030756Z,2021-10-28T11:38:32.030787Z,4.459
@sky_jfk @ntelng @tizeti Very serious ooo.,939,Neutral,koredeakande@uni.minerva.edu,475,2021-10-28T11:38:27.384173Z,2021-10-28T11:38:27.384253Z,3.217
Is tizeti any food in Yaba?,938,Neutral,koredeakande@uni.minerva.edu,474,2021-10-28T11:38:23.933090Z,2021-10-28T11:38:23.933120Z,5.607
@myaccessbank Hi please made a deposit into my sister's @Spectranet_NG account via the #accessmore app got an error and was debited but yet to see the money in the #Spectranet account,937,Neutral,koredeakande@uni.minerva.edu,473,2021-10-28T11:38:18.046985Z,2021-10-28T11:38:18.047016Z,6.87
@confyscenty @officialbambam4 @Spectranet_NG ğŸ¤£ğŸ¤£ğŸ¤£ğŸ¤£ğŸ¤£ğŸ¤£ bro no kill me Abeg,936,Neutral,koredeakande@uni.minerva.edu,472,2021-10-28T11:38:10.923581Z,2021-10-28T11:38:10.923615Z,7.806
SPECTRANET !!!!! ğŸ¤¬ğŸ¤¬ğŸ¤¬ğŸ¤¬ğŸ¤¬ğŸ¤¬,935,Negative,koredeakande@uni.minerva.edu,471,2021-10-28T11:38:02.933849Z,2021-10-28T11:38:02.933883Z,2.885
"Dear @tizeti @wifisupport1 

This is 11:40AM, no calls, no email as per your schedule appointment.

See, if I don't see anybody at my house to rectify this current mess; I will drag your company across all social media platforms including LinkedIn &amp; offline too.",934,Negative,koredeakande@uni.minerva.edu,470,2021-10-28T11:37:59.806346Z,2021-10-28T11:37:59.806379Z,10.187
@shashupenz @AtoyebiBamidel2 @dzinkuz @DrJoeAbah @Spectranet_NG @ntelng Help me tell him.,932,Neutral,koredeakande@uni.minerva.edu,468,2021-10-28T11:37:39.126749Z,2021-10-28T11:37:39.126810Z,4.857
@Spectranet_NG are you guys on leave today ?,931,Neutral,koredeakande@uni.minerva.edu,467,2021-10-28T11:37:34.031992Z,2021-10-28T11:37:34.032031Z,3.795
@Jon3ro Spectranet is actually more expensive and have a shitty service,930,Negative,koredeakande@uni.minerva.edu,466,2021-10-28T11:37:30.000004Z,2021-10-28T11:37:30.000033Z,3.858
Spectranet and MTN moving mad ğŸ˜­,927,Negative,koredeakande@uni.minerva.edu,463,2021-10-28T11:36:52.752310Z,2021-10-28T11:36:52.752356Z,2.543
@Aunty_Les I use my spectranet in PH oh. Find out,926,Neutral,koredeakande@uni.minerva.edu,462,2021-10-28T11:36:49.959368Z,2021-10-28T11:36:49.959418Z,9.107
"Between Swift and Spectranet, which is more reliable and fast for someone that stays in Festac?",925,Neutral,koredeakande@uni.minerva.edu,461,2021-10-28T11:36:40.621458Z,2021-10-28T11:36:40.621490Z,4.296
@Spectranet_NG why is it always impossible to upload files using Spectranet? Even if the file is 30MB. It'd never upload successfully. Why?,924,Negative,koredeakande@uni.minerva.edu,460,2021-10-28T11:36:36.090414Z,2021-10-28T11:36:36.090454Z,5.47
@PeteNwabuoku @Spectranet_NG So so long bro.,923,Neutral,koredeakande@uni.minerva.edu,459,2021-10-28T11:36:30.391783Z,2021-10-28T11:36:30.391816Z,4.084
"Na this yeye network Spectranet won make I renew?
Una go dey there.",922,Negative,koredeakande@uni.minerva.edu,458,2021-10-28T11:36:26.064817Z,2021-10-28T11:36:26.064850Z,4.113
@yacim986 @wifisupport1 @madu_victor @cozzbie @tizeti Still take it easy sir @yacim986,921,Neutral,koredeakande@uni.minerva.edu,457,2021-10-28T11:36:21.719134Z,2021-10-28T11:36:21.719170Z,6.217
Spectranet will ruin me. ğŸ¥º,920,Negative,koredeakande@uni.minerva.edu,456,2021-10-28T11:36:15.265735Z,2021-10-28T11:36:15.265771Z,3.007
I was using mobile data. The Data on my spectranet has finished. Can only do WhatsApp with it https://t.co/SSYSwE87iW,919,Neutral,koredeakande@uni.minerva.edu,455,2021-10-28T11:36:12.023460Z,2021-10-28T11:36:12.023494Z,5.46
"God i hate Tizeti.....
You will be having a class and the network will just go off...aarghh.",918,Negative,koredeakande@uni.minerva.edu,454,2021-10-28T11:36:06.334505Z,2021-10-28T11:36:06.334546Z,3.364
@rukxy @Spectranet_NG Na soak-away. ğŸ˜­,917,Neutral,koredeakande@uni.minerva.edu,453,2021-10-28T11:36:02.730447Z,2021-10-28T11:36:02.730482Z,4.602
@Spectranet_NG @FiberOne and smile just got hacked https://t.co/bRdZ3nDc5c,916,Neutral,koredeakande@uni.minerva.edu,452,2021-10-28T11:35:57.874227Z,2021-10-28T11:35:57.874259Z,7.001
@olamiday @wifisupport1 Tizeti is useless ğŸ˜‚ğŸ˜‚ğŸ˜‚,915,Negative,koredeakande@uni.minerva.edu,451,2021-10-28T11:35:50.637934Z,2021-10-28T11:35:50.637965Z,4.101
@chrisnwasike @tizeti Yes o,914,Neutral,koredeakande@uni.minerva.edu,450,2021-10-28T11:35:46.306515Z,2021-10-28T11:35:46.306547Z,8.972
"Now because I stopped renewing my internet on Spectranet, they're on my neck, calling me up and down, trying to see how they can fix my internet issues. 
What sort of carelessness and cluelessness is this? Been a loyal customer for more than 2 years, you people frustrated me out",913,Negative,koredeakande@uni.minerva.edu,449,2021-10-28T11:35:37.084344Z,2021-10-28T11:35:37.084386Z,13.094
"Hi, A spectranet Engineer came to my apartment on sat with his laptop and device. He confirmed bad signal and gave me a report. Do you have an office in Ozone, yaba? I could go there today with the report.
Thanks
",912,Neutral,koredeakande@uni.minerva.edu,448,2021-10-28T11:35:23.753309Z,2021-10-28T11:35:23.753344Z,6.787
"@tizeti, your customers are beginning to speak up.

You must listen.

I was forced to get @AirtelNigeria wifi hotspot. Your service is bad now. 

Your customers want you to win so do the needful. https://t.co/Kv0HNFAiSm",911,Negative,koredeakande@uni.minerva.edu,447,2021-10-28T11:35:16.725549Z,2021-10-28T11:35:16.725604Z,9.248
@officialbambam4 @Spectranet_NG They can never change. Best thing is to dump them.,910,Negative,koredeakande@uni.minerva.edu,446,2021-10-28T11:35:07.234836Z,2021-10-28T11:35:07.234874Z,4.516
@tizeti you guys are criminals big time ones,909,Negative,koredeakande@uni.minerva.edu,445,2021-10-28T11:35:02.529650Z,2021-10-28T11:35:02.529687Z,3.083
"@ngozi_nkeChinwe Okay. But you do realize said SP is also affecting Ifeâ€™s business too? 

Do a search of Spectranet and see what the results will churn out. Everyone is complaining which means theyâ€™re not getting their act right and most brands in Nigeria only perform when called out",908,Negative,koredeakande@uni.minerva.edu,444,2021-10-28T11:34:59.191536Z,2021-10-28T11:34:59.191568Z,19.152
"Oloko Oluwatoyin made a payment of 112,000 naira on the 5th of September 2020 in respect of installation and 6 months subscription of the Tizeti network .",907,Neutral,koredeakande@uni.minerva.edu,443,2021-10-28T11:34:39.794274Z,2021-10-28T11:34:39.794307Z,11.807
"@kusssman @the_only_ayo @MTNNG @GLO__NIG @9mobileng @ntelng @AirtelNigeria @Spectranet_NG Donâ€™t mind then,they just like to make life hard .......useless network provider",906,Negative,koredeakande@uni.minerva.edu,442,2021-10-28T11:34:27.740527Z,2021-10-28T11:34:27.740560Z,10.347
IPNX finally in this estate. Ope o,905,Positive,koredeakande@uni.minerva.edu,441,2021-10-28T11:34:17.203207Z,2021-10-28T11:34:17.203239Z,3.004
Spectranet is just a piece of shit.. I'm done with these guys.,904,Negative,koredeakande@uni.minerva.edu,440,2021-10-28T11:34:14.014704Z,2021-10-28T11:34:14.014737Z,2.535
"Just had an awesome customer service experience from @Spectranet_NG
. David listened and found a way to make it work. His supervisor Tunji (I think) was ACE! This is why I stick with Spectranet! Keep up the great work and donâ€™t make me regret my words PLEASE!",903,Positive,koredeakande@uni.minerva.edu,439,2021-10-28T11:34:11.241357Z,2021-10-28T11:34:11.241407Z,7.144
Hay God. Spectranet wonâ€™t kill me. What is going on??,902,Negative,koredeakande@uni.minerva.edu,438,2021-10-28T11:34:03.861759Z,2021-10-28T11:34:03.861821Z,3.147
"@iHoluwatoby Biko jamisi, Iâ€™m using Spectranet 60GB and itâ€™s not bad",901,Positive,koredeakande@uni.minerva.edu,437,2021-10-28T11:34:00.458057Z,2021-10-28T11:34:00.458094Z,7.117
Spectranet don dey call me pass airtel,900,Negative,koredeakande@uni.minerva.edu,436,2021-10-28T11:33:53.109303Z,2021-10-28T11:33:53.109376Z,21.584
Abeg Spectranet dey reach ogun state? Ijebu to be specific?? @Spectranet_NG,899,Neutral,koredeakande@uni.minerva.edu,435,2021-10-28T11:33:24.592308Z,2021-10-28T11:33:24.592342Z,8.236
@zimmani @JerrieRotimi @Spectranet_NG Only noticed since I moved,898,Neutral,koredeakande@uni.minerva.edu,434,2021-10-28T11:33:16.122120Z,2021-10-28T11:33:16.122152Z,6.877
@Joy73834037 @tIZETI_ I dey tell you ğŸ˜‚,897,Neutral,koredeakande@uni.minerva.edu,433,2021-10-28T11:33:09.007427Z,2021-10-28T11:33:09.007459Z,4.159
"@Spectranet_NG seems like this abusive relationship we're in isn't gonna last any longer. 

I'm fed up. Totally. 

I cant be experiencing shitty internet for more than 4 weeks now.",896,Negative,koredeakande@uni.minerva.edu,432,2021-10-28T11:33:04.610532Z,2021-10-28T11:33:04.610566Z,8.642
@Spectranet_NG you guys should make it rain 100% today please ğŸ™‚,895,Neutral,koredeakande@uni.minerva.edu,431,2021-10-28T11:32:55.715279Z,2021-10-28T11:32:55.715312Z,9.402
"@zimmani @JerrieRotimi @Spectranet_NG Like I canâ€™t use my internet if Iâ€™m in the sitting room, I have to take it out of my room.",894,Negative,koredeakande@uni.minerva.edu,430,2021-10-28T11:32:46.064265Z,2021-10-28T11:32:46.064297Z,7.896
"@FBN_help Hello FBN, I made a Bill Payment for Spectranet Ltd (Internet Subscription N18,525) on 18/08/2020 Time: 13:33pm. Merchants hasnâ€™t received payment and asked to contact my Bank. @cenbank @FirstBankngr",891,Neutral,koredeakande@uni.minerva.edu,427,2021-10-28T11:32:13.897877Z,2021-10-28T11:32:13.897909Z,5.754
"Why can't we have any reliable ISP in Nigeria?

@Spectranet_NG have been down for more than a week now. Definitely not renewing next month. 

But I hear Smile is just as bad.",890,Negative,koredeakande@uni.minerva.edu,426,2021-10-28T11:32:07.911414Z,2021-10-28T11:32:07.911448Z,6.705
@Spectranet_NG what's with the poor service in ijesha?? Please fix it fast.,889,Negative,koredeakande@uni.minerva.edu,425,2021-10-28T11:32:00.973942Z,2021-10-28T11:32:00.973994Z,3.314
@adebambor @FeralJack_ @Spectranet_NG Spec what???ğŸ¤£ğŸ¤£ğŸ¤£   it will only end in pains and suffering. Samr with swift.  All of them are kremina,888,Negative,koredeakande@uni.minerva.edu,424,2021-10-28T11:31:57.420547Z,2021-10-28T11:31:57.420579Z,7.586
I used Spectranet to watch The Set Up on Netflix and the network was really good,887,Positive,koredeakande@uni.minerva.edu,423,2021-10-28T11:31:49.594784Z,2021-10-28T11:31:49.594816Z,4.788
"@DrJoeAbah @doubleomoore @Spectranet_NG I wish you tried Fibreone broadband,  they will test your blood pressure so bad.",886,Neutral,koredeakande@uni.minerva.edu,422,2021-10-28T11:31:44.568164Z,2021-10-28T11:31:44.568197Z,12.033
Why is it that everyone has to hang their Spectranet MiFis on their windows for it to work? Ehn?,885,Negative,koredeakande@uni.minerva.edu,421,2021-10-28T11:31:32.302311Z,2021-10-28T11:31:32.302341Z,6.647
Spectranet ooooo,884,Negative,koredeakande@uni.minerva.edu,420,2021-10-28T11:31:25.424138Z,2021-10-28T11:31:25.424170Z,4.689
@wifisupport1 @tizeti Itâ€™s the same story I was told when your team https://t.co/xNpB1mp4m6â€™s just unfortunate I wasted my money renewing,883,Negative,koredeakande@uni.minerva.edu,419,2021-10-28T11:31:20.487824Z,2021-10-28T11:31:20.487859Z,16.32
@The_cocoreidh Spectranet is still trash please and smile is better.,882,Negative,koredeakande@uni.minerva.edu,418,2021-10-28T11:31:03.906302Z,2021-10-28T11:31:03.906334Z,7.366
"@Spectranet_NG , see no make me swear for you! Fix your wacky internet connection around Yaba!",881,Negative,koredeakande@uni.minerva.edu,417,2021-10-28T11:30:56.299380Z,2021-10-28T11:30:56.299416Z,6.537
"@aboyowa_e @Spectranet_NG Lmaoo! Na so, turn up!!",880,Neutral,koredeakande@uni.minerva.edu,416,2021-10-28T11:30:49.516588Z,2021-10-28T11:30:49.516619Z,6.434
"Iâ€™m using Spectranet o but the network has been shit since last week, I don sub for my glo twice in one week already ğŸ˜­ğŸ˜­ https://t.co/meRdfKCYzR",879,Negative,koredeakande@uni.minerva.edu,415,2021-10-28T11:30:42.842735Z,2021-10-28T11:30:42.842769Z,6.07
@tizeti kindly reactivate my account.,878,Neutral,koredeakande@uni.minerva.edu,414,2021-10-28T11:30:36.525504Z,2021-10-28T11:30:36.525536Z,5.427
"@iam_chrisy @Spectranet_NG Ah theyâ€™re good but if you have issues, theyâ€™re staff can be annoying",876,Positive,koredeakande@uni.minerva.edu,412,2021-10-28T11:30:07.583670Z,2021-10-28T11:30:07.583703Z,10.446
Great Move TIZETI. https://t.co/L577Ibdfmd,875,Positive,koredeakande@uni.minerva.edu,411,2021-10-28T11:29:56.898854Z,2021-10-28T11:29:56.898888Z,29.903
@wifisupport1 @tizeti Ok,874,Neutral,koredeakande@uni.minerva.edu,410,2021-10-28T11:29:26.812030Z,2021-10-28T11:29:26.812063Z,2.983
"Thanks @Gidi_Traffic for helping with the poll. 
@Spectranet_NG make una do well oh. Same platform that influenced buying decision can be used to call you out oh!",873,Positive,koredeakande@uni.minerva.edu,409,2021-10-28T11:29:23.359670Z,2021-10-28T11:29:23.359706Z,38.286
"@Shamsiyya__ Dead fc, jump unto Spectranet",872,Positive,koredeakande@uni.minerva.edu,408,2021-10-28T11:28:44.833042Z,2021-10-28T11:28:44.833074Z,5.666
Spectranet ğŸ¤ your internet connection is unstable (during Zoom calls),871,Negative,koredeakande@uni.minerva.edu,407,2021-10-28T11:28:38.930416Z,2021-10-28T11:28:38.930456Z,4.068
"To sleep or tune in Netflix? 
Finally back with my Spectranet ğŸ˜­",870,Positive,koredeakande@uni.minerva.edu,406,2021-10-28T11:28:34.618318Z,2021-10-28T11:28:34.618349Z,10.319
Trying to enjoy my movie but tizeti out here like https://t.co/j9YAdvTBrF,869,Negative,koredeakande@uni.minerva.edu,405,2021-10-28T11:28:24.061295Z,2021-10-28T11:28:24.061327Z,5.02
"@ronstanp 14Mbps is the download speed of my mobile network while 6.3Mbps is the upload speed of my mobile Internet. 

The download speed of Tizeti WiFi is 0.88Mbps.",868,Negative,koredeakande@uni.minerva.edu,404,2021-10-28T11:28:18.793636Z,2021-10-28T11:28:18.793673Z,8.917
@tizeti @netflix On your slow internet the only thing thing you would be able to see is thr trailer.,867,Negative,koredeakande@uni.minerva.edu,403,2021-10-28T11:28:09.632854Z,2021-10-28T11:28:09.632888Z,6.251
"Tizeti , pay for 1 month enjoy 5 days disconnected for 7days then reconnected for 3 then disconnected for 4days the  reconnected for 10days before the renewal ...

Rinse and repeat. 

I'm glad IPNX is now in my estate",866,Negative,koredeakande@uni.minerva.edu,402,2021-10-28T11:28:03.142431Z,2021-10-28T11:28:03.142462Z,21.285
"@yacim986 @wifisupport1 @madu_victor @cozzbie @tizeti Your blood dey always dey hot.

Take it easy @yacim986",865,Neutral,koredeakande@uni.minerva.edu,401,2021-10-28T11:27:41.613348Z,2021-10-28T11:27:41.613379Z,14.283
What's wrong with Spectranet?? ğŸ¤¦ğŸ½â€â™‚ï¸,864,Negative,koredeakande@uni.minerva.edu,400,2021-10-28T11:27:27.128229Z,2021-10-28T11:27:27.128260Z,2.937
"Thanks to Spectranet, I havenâ€™t complained about using up my data in three days and looking for how to buy another data in months",863,Positive,koredeakande@uni.minerva.edu,399,2021-10-28T11:27:23.938860Z,2021-10-28T11:27:23.938895Z,18.772
"@_diuto @devlarri @JasonNjoku @kananyi @anti_ratrace @tizeti Lol, na that one concern you.",862,Neutral,koredeakande@uni.minerva.edu,398,2021-10-28T11:27:04.929665Z,2021-10-28T11:27:04.929701Z,7.054
Why are @MTNNG and @Spectranet_NG doing me like this in this time I need them the most.,861,Negative,koredeakande@uni.minerva.edu,397,2021-10-28T11:26:57.636768Z,2021-10-28T11:26:57.636801Z,3.841
@Spectranet_NG can you explain how my 50GB Spectranet data becomes so useless that I have to rely on my 200MB @GlobacomNigeria mobile data to send this tweet?,860,Negative,koredeakande@uni.minerva.edu,396,2021-10-28T11:26:53.555985Z,2021-10-28T11:26:53.556018Z,7.334
"Nigeria is indeed a funny place. Businesses just increase the price of their offerings without sending an email or a newsletter.

We get to do anyhow in Nigeria because we have the mentality that ""nothing dey happen""

@tizeti; I'm really disappointed in you guys once again.",859,Negative,koredeakande@uni.minerva.edu,395,2021-10-28T11:26:45.975601Z,2021-10-28T11:26:45.975634Z,11.597
Dear @Spectranet_NG... my device have been moving on snail speed lately... kilon shele na ...am watching you guys in 3D concave lens,858,Negative,koredeakande@uni.minerva.edu,394,2021-10-28T11:26:34.135826Z,2021-10-28T11:26:34.135859Z,6.419
@GucciJ9 @Eshenicy @IgbokweKo @DrJoeAbah @Spectranet_NG @DStvNg I don't mind you giving me the toll free number biko.,857,Neutral,koredeakande@uni.minerva.edu,393,2021-10-28T11:26:27.472501Z,2021-10-28T11:26:27.472538Z,8.236
"Ntel stopped Unlimited Wifi service, I bought Tizeti two weeks ago, the network will work fine for some hours and go off for another hour or more, what did I do to deserve this stress @wifisupport1 Whatâ€™s going on with yâ€™all? My work is internet based and youâ€™re frustrating it!",856,Negative,koredeakande@uni.minerva.edu,392,2021-10-28T11:26:18.996780Z,2021-10-28T11:26:18.996814Z,10.545
@wifisupport1 @olamiday @Lumis0 Oya @ajepintos let us contribute our details tizeti is asking. ğŸ˜ğŸ˜ğŸ˜,854,Neutral,koredeakande@uni.minerva.edu,390,2021-10-28T11:26:05.621273Z,2021-10-28T11:26:05.621313Z,8.605
This Tizeti ad sounds somehow to my ears.,853,Negative,koredeakande@uni.minerva.edu,389,2021-10-28T11:25:56.763510Z,2021-10-28T11:25:56.763543Z,25.221
@kenethelion @IdentikalTwins @SmileComsNG @Spectranet_NG @Gidi_Traffic Both ISPs should be thrown out with the bath water.....,852,Negative,koredeakande@uni.minerva.edu,388,2021-10-28T11:25:31.294442Z,2021-10-28T11:25:31.294475Z,8.276
"Tizeti get money to advertise but can't give Internet speed that we paid for
Lmfao.",851,Negative,koredeakande@uni.minerva.edu,387,2021-10-28T11:25:22.772744Z,2021-10-28T11:25:22.772775Z,5.917
@Spectranet_NG you people are really unfortunate Abeg,850,Negative,koredeakande@uni.minerva.edu,386,2021-10-28T11:25:16.648445Z,2021-10-28T11:25:16.648483Z,3.777
"@tizeti @wifisupport1 With all our pains, all our escalation for the entire month of March, you provided no solution whatsover.... really what has hit your network... when the service is restored we barely have 1mb/s... what on earth has gone wrong with your unlimited package",847,Negative,koredeakande@uni.minerva.edu,383,2021-10-28T11:24:58.986326Z,2021-10-28T11:24:58.986364Z,10.788
"@tizeti @wifisupport1  please kindly activate our account â€˜Laoye Abimbolaâ€™ Masha, Surulere. Paid 27/06/19. Support #649947 Paystack ref T217238200870816. It has not been activated since 27/6/19. Lost 2days already. #SayNotoPoorInternetService #SayNotoPoorCustomerService @lasgcopa",845,Negative,koredeakande@uni.minerva.edu,381,2021-10-28T11:24:43.600322Z,2021-10-28T11:24:43.600358Z,17.682
@Spectranet_NG Will your store at ozone open today?,844,Neutral,koredeakande@uni.minerva.edu,380,2021-10-28T11:24:25.685169Z,2021-10-28T11:24:25.685203Z,4.596
@DrightSauce Spectranet is fucking me up. Since 9 o,843,Negative,koredeakande@uni.minerva.edu,379,2021-10-28T11:24:20.832205Z,2021-10-28T11:24:20.832240Z,7.289
@tizeti how long will it take to connect my WiFi,841,Neutral,koredeakande@uni.minerva.edu,377,2021-10-28T11:24:06.043365Z,2021-10-28T11:24:06.043399Z,8.532
"@Spectranet_NG how is it that i still have 20GB and you people are sending me messages to renew, that my data is exhausted? Bare in mind that your network has been shitty for some days nowğŸ™„",840,Negative,koredeakande@uni.minerva.edu,376,2021-10-28T11:23:57.255879Z,2021-10-28T11:23:57.255912Z,9.316
"How can NGN5000 be just 7gig?
Spectranet this is becoming unhealthy.

@Spectranet_NG",838,Negative,koredeakande@uni.minerva.edu,374,2021-10-28T11:22:24.108625Z,2021-10-28T11:22:24.108658Z,4.559
Spectranet wants to frustrate me!!!!,836,Negative,koredeakande@uni.minerva.edu,372,2021-10-28T11:22:12.107920Z,2021-10-28T11:22:12.107951Z,2.784
"@Spectranet_NG , are we okay at home ? https://t.co/eyb0MZ3YcK",835,Neutral,koredeakande@uni.minerva.edu,371,2021-10-28T11:22:09.031024Z,2021-10-28T11:22:09.031058Z,29.219
"@FBN_help Hello FBN, I made a Bill Payment for Spectranet Ltd (Internet Subscription N18,525) on 18/08/2020 Time: 13:33pm. Merchants hasnâ€™t received payment and asked to contact my Bank. @cenbank @cenbank @FirstBankngr",834,Neutral,koredeakande@uni.minerva.edu,370,2021-10-28T11:21:39.560865Z,2021-10-28T11:21:39.560920Z,6.6
My spectranet is expiring in 2 days and I have 10 gig left,833,Neutral,koredeakande@uni.minerva.edu,369,2021-10-28T11:21:32.710659Z,2021-10-28T11:21:32.710711Z,5.536
"@Spectranet_NG I canâ€™t Dm you , Iâ€™ve issues with my device",832,Neutral,koredeakande@uni.minerva.edu,368,2021-10-28T11:21:26.936796Z,2021-10-28T11:21:26.936829Z,6.929
Tizeti is silly again. ğŸ˜‚ğŸ˜‚,831,Negative,koredeakande@uni.minerva.edu,367,2021-10-28T11:21:19.767986Z,2021-10-28T11:21:19.768019Z,2.695
@Spectranet_NG your network of late ehnnnn! Nah to donate slap give una o,830,Negative,koredeakande@uni.minerva.edu,366,2021-10-28T11:21:16.827616Z,2021-10-28T11:21:16.827647Z,5.634
@iamchrisani @wifisupport1 @boycottfrauds @tizeti I hate their generic response ğŸ˜¡ğŸ˜¡ğŸ˜¡,829,Negative,koredeakande@uni.minerva.edu,365,2021-10-28T11:21:10.938759Z,2021-10-28T11:21:10.938793Z,7.842
step in the right direction https://t.co/d1ahqX9i09,828,Positive,koredeakande@uni.minerva.edu,364,2021-10-28T11:21:02.827001Z,2021-10-28T11:21:02.827033Z,43.433
@Spectranet_NG what's with your network?? Been down all night in aguda. Please fix asap,825,Negative,koredeakande@uni.minerva.edu,361,2021-10-28T11:20:01.644024Z,2021-10-28T11:20:01.644058Z,4.196
@Morenike_me I have spectranet - you can try it.,824,Neutral,koredeakande@uni.minerva.edu,360,2021-10-28T11:19:57.204883Z,2021-10-28T11:19:57.204917Z,6.186
@tizeti haba! Have shame na. small shame https://t.co/Lzq4DVrkPU,823,Negative,koredeakande@uni.minerva.edu,359,2021-10-28T11:19:50.802654Z,2021-10-28T11:19:50.802687Z,6.447
@Spectranet_NG if you can't render the service you promised to render why not just close down?. You guys are obvious a fraud.,822,Negative,koredeakande@uni.minerva.edu,358,2021-10-28T11:19:44.118424Z,2021-10-28T11:19:44.118467Z,5.646
Spectranet has stressed me for the last three days. I think Iâ€™ll go back to mobile data for now,821,Negative,koredeakande@uni.minerva.edu,357,2021-10-28T11:19:38.237300Z,2021-10-28T11:19:38.237334Z,3.954
"@Tukooldegreat Baba spectranet na scam, the 100gb finishes in 1 week, not as if I use the data to watch porn ğŸ˜”",820,Negative,koredeakande@uni.minerva.edu,356,2021-10-28T11:19:34.044097Z,2021-10-28T11:19:34.044132Z,5.781
"@Spectranet_NG will soon finish me in this Lagos . ğŸ˜­ 

Please why canâ€™t I check my available night data?",819,Negative,koredeakande@uni.minerva.edu,355,2021-10-28T11:19:28.013619Z,2021-10-28T11:19:28.013659Z,8.323
@reignestt @Spectranet_NG Fam i paid for one month ... This is the third week after several mails and calls I am yet to use it and it is about to expire,818,Negative,koredeakande@uni.minerva.edu,354,2021-10-28T11:19:19.446145Z,2021-10-28T11:19:19.446184Z,6.637
"@IyawoThickaBody One time spectranet called, I refused to pick because I didn't have money to subscribe  so I just ignored it like 4 times.
The fifth time, true caller showed Union bank, I picked thinking I have passed interview o only to hear 'your spectranet...ğŸ˜‚ğŸ˜‚ğŸ˜‚
They got meğŸ˜‚",817,Neutral,koredeakande@uni.minerva.edu,353,2021-10-28T11:19:12.547462Z,2021-10-28T11:19:12.547495Z,26.189
@ToluTopsy @MTNNG @Spectranet_NG Oshey padiâ˜ºï¸,816,Neutral,koredeakande@uni.minerva.edu,352,2021-10-28T11:18:46.123506Z,2021-10-28T11:18:46.123537Z,6.528
"@Spectranet_NG goodmorning 
For 2 consecutive days now,

My device has not worked.

It displays red most of the time.

Please help!!! https://t.co/zbZXaUoCc7",815,Negative,koredeakande@uni.minerva.edu,351,2021-10-28T11:18:39.345084Z,2021-10-28T11:18:39.345115Z,8.72
"Please can you help me with the address of any spectranet shop around Oworonshoki or bariga, thank you! https://t.co/MszmXwYQvc",814,Neutral,koredeakande@uni.minerva.edu,350,2021-10-28T11:18:30.282968Z,2021-10-28T11:18:30.283001Z,7.134
"@Flakey_Phil @RGAMeyer Both my Airtel and Glo line.

They are both messed up right now!

Using Spectranet WiFi",811,Neutral,koredeakande@uni.minerva.edu,347,2021-10-28T11:17:48.858558Z,2021-10-28T11:17:48.858590Z,10.694
@ChenaOnuorah Please don't buy SPECTRANET ... I beg you in the name of God!,809,Negative,koredeakande@uni.minerva.edu,345,2021-10-28T11:17:32.635568Z,2021-10-28T11:17:32.635601Z,3.816
@tizeti @netflix Thats not true. Your USA Ip is blocked by Netflix.,808,Neutral,koredeakande@uni.minerva.edu,344,2021-10-28T11:17:28.571406Z,2021-10-28T11:17:28.571432Z,10.061
"@tizeti My internet has been down for 4 days now. Stop tweeting and fix my internet. Better still, return my money and come pick up your gadgets ğŸ¤¦â€â™‚ï¸ğŸ¤¦â€â™‚ï¸ğŸ¤¦â€â™‚ï¸",807,Negative,koredeakande@uni.minerva.edu,343,2021-10-28T11:17:18.278772Z,2021-10-28T11:17:18.278808Z,6.939
"Spectranet need to get their acts together before 2am on Monday, plis dear",806,Negative,koredeakande@uni.minerva.edu,342,2021-10-28T11:17:11.106141Z,2021-10-28T11:17:11.106174Z,5.766
"I have being avoiding this but I have to close my eyes and buy a spectranet or smile WiFi.
I canâ€™t be spending this much on data.",805,Negative,koredeakande@uni.minerva.edu,341,2021-10-28T11:17:05.094929Z,2021-10-28T11:17:05.094962Z,14.001
@Aweola7 @tizeti Taking their unreliable service to Ghana,803,Negative,koredeakande@uni.minerva.edu,339,2021-10-28T11:16:33.823937Z,2021-10-28T11:16:33.823969Z,4.398
"@OladimejiOjo_ @youngboss0007 @tizeti Someone told me same back then when I just bought @GloWorld and was enjoying the services, I had to tweet commendation. Guy legit told me don't get use to it. A week after I dump the sim out of frustration. https://t.co/hf8QRLJZuu",801,Neutral,koredeakande@uni.minerva.edu,337,2021-10-28T11:16:10.058828Z,2021-10-28T11:16:10.058867Z,24.312
"Who has FAST internet and lives in Yaba? Biko help me, @Spectranet_NG is taking a whole fucking piss.",800,Negative,koredeakande@uni.minerva.edu,336,2021-10-28T11:15:45.498696Z,2021-10-28T11:15:45.498730Z,47.414
"@lloydatiku @Spectranet_NG Disaster is an understatement 

DISASTROUS in LAGOS

@Spectranet_NG  if you cannot function anymore, please stop collected our  money!!!",797,Negative,koredeakande@uni.minerva.edu,333,2021-10-28T11:13:54.879215Z,2021-10-28T11:13:54.879251Z,7.321
I have moved from Spectranet to smile to Airtel in the last 6 months but they are all trash. They are only good in the first month.,796,Negative,koredeakande@uni.minerva.edu,332,2021-10-28T11:13:47.320558Z,2021-10-28T11:13:47.320592Z,6.403
"Hi @tizeti the mail below was sent few minutes ago, kindly look into ASAP. cc @wifisupport1 https://t.co/jUtUmXyToV",795,Neutral,koredeakande@uni.minerva.edu,331,2021-10-28T11:13:40.678774Z,2021-10-28T11:13:40.678805Z,6.182
@AirtelNigeria just wanted to let you know that many of us did not register with NIN... So if you like go and disconnect our lines... I will go and carry spectranet and continue my internet o... Whatsapp call dey.. Na u ppl go Sabi una your matter o!... https://t.co/B268nkjpNv,794,Neutral,koredeakande@uni.minerva.edu,330,2021-10-28T11:13:34.236512Z,2021-10-28T11:13:34.236549Z,18.807
"@AnthonyVine DM location &amp; time Biko.

Spectranet has put me to shameğŸ˜¢ğŸ˜¢",793,Negative,koredeakande@uni.minerva.edu,329,2021-10-28T11:13:15.181351Z,2021-10-28T11:13:15.181384Z,6.929
@UMEHoma @Spectranet_NG @CPCNig @SANNigeria @FCC And those their representatives will be calling somebody using sweet voice ğŸ¤¦â€â™‚ï¸ğŸ¤¦â€â™‚ï¸,792,Neutral,koredeakande@uni.minerva.edu,328,2021-10-28T11:13:08.013392Z,2021-10-28T11:13:08.013424Z,9.273
"@The_cocoreidh Spectranet. For optimized speed tests, I get like 200ms ping",791,Neutral,koredeakande@uni.minerva.edu,327,2021-10-28T11:12:58.501273Z,2021-10-28T11:12:58.501306Z,81.008
"After buying data see Airtel telling me â€œnow that I have data, I should watch one tin one tin. Are you people actually ok? Itâ€™s kukuma not your fault, itâ€™s that crippled Tizeti I blame.",790,Negative,koredeakande@uni.minerva.edu,326,2021-10-28T11:11:37.247164Z,2021-10-28T11:11:37.247199Z,11.641
@IamDreal_TIG @Spectranet_NG @itsdaybor Smfh,789,Neutral,koredeakande@uni.minerva.edu,325,2021-10-28T11:11:25.352545Z,2021-10-28T11:11:25.352611Z,13.112
Value for money @Spectranet_NG be reasonable for once ğŸ™ğŸ¾,788,Negative,koredeakande@uni.minerva.edu,324,2021-10-28T11:11:11.976267Z,2021-10-28T11:11:11.976298Z,9.184
"@wifisupport1 abi @tizeti 
Plsss oooooo...... give me wifi I just renewed my subscription and now I have no wifi..... why?????",787,Negative,koredeakande@uni.minerva.edu,323,2021-10-28T11:11:02.549297Z,2021-10-28T11:11:02.549327Z,50.198
@Spectranet_NG hello please can I add multiple devices to the same account?,786,Neutral,koredeakande@uni.minerva.edu,322,2021-10-28T11:10:12.098715Z,2021-10-28T11:10:12.098746Z,3.999
@damolaonline @wifisupport1 @tizeti Itâ€™s really emabarrasing that the service rendered is so poor,785,Negative,koredeakande@uni.minerva.edu,321,2021-10-28T11:10:07.854616Z,2021-10-28T11:10:07.854667Z,4.257
"@ItsMisola Nah.
Spectranet.",784,Neutral,koredeakande@uni.minerva.edu,320,2021-10-28T11:10:03.349649Z,2021-10-28T11:10:03.349681Z,3.949
"@Spectranet_NG @Spectranet_NG @Spectranet_NG

Don't make me useless and ineffective again today.

10 hours gone, yet nothing meaningful has been achieved.

Fix this network, or else.

#Spectranet #BringBackMyNetwork #Spectranet #BringBackMyNetwork #Spectranet #BringBackMyNetwork",783,Negative,koredeakande@uni.minerva.edu,319,2021-10-28T11:09:59.165312Z,2021-10-28T11:09:59.165342Z,5.356
@Obadeyemi Data that you're not using is disappearing ğŸ¤£ğŸ˜‚. @Spectranet_NG has to be a joke honestly. #SpectranetDown,782,Negative,koredeakande@uni.minerva.edu,318,2021-10-28T11:09:53.448590Z,2021-10-28T11:09:53.448638Z,6.458
@wifisupport1 @tizeti well done ooo ... 2 hours to download 9mb .. but na broadband .. ğŸ™ŒğŸ¿ https://t.co/alU8rc6uaS,781,Negative,koredeakande@uni.minerva.edu,317,2021-10-28T11:09:46.642864Z,2021-10-28T11:09:46.642895Z,130.184
@officialbambam4 @Spectranet_NG They lost me 2 days ago already. They're just a scam. There's no area you'll go where their internet is strong. Imagine paying 13k for data and you're struggling to even send WhatsApp messages. Dump their network as fast as you can if you want peace of mind. E go be for them sha,779,Negative,koredeakande@uni.minerva.edu,315,2021-10-28T11:07:05.184420Z,2021-10-28T11:07:05.184477Z,12.926
@Spectranet_NG Hian and I didn't get a mail notice or SMS notice?? So I can subscribe now for 10k plan and get double data??,778,Neutral,koredeakande@uni.minerva.edu,314,2021-10-28T11:06:52.018317Z,2021-10-28T11:06:52.018353Z,9.635
@ridwan_olalere @tizeti I agree. âœŒï¸,777,Neutral,koredeakande@uni.minerva.edu,313,2021-10-28T11:06:42.191574Z,2021-10-28T11:06:42.191620Z,3.033
@BBNaija this is the network you are advertising on your show @tizeti @wifisupport1 they have a very poor service ... if you plan on doing abeg rethink cause it would end in premium tears ğŸ˜­ https://t.co/QRgOBulEUI,776,Negative,koredeakande@uni.minerva.edu,312,2021-10-28T11:06:38.919815Z,2021-10-28T11:06:38.919846Z,12.765
"I'm essentially grateful for my spectranet battery strength/ health, that shit can go 9-10 hours on full charge. It's amazing",775,Positive,koredeakande@uni.minerva.edu,311,2021-10-28T11:06:25.921244Z,2021-10-28T11:06:25.921299Z,10.429
Spectranet expecting me to subscribe without sending double data offer. Jokers I want double data plus rollover so till then we wait.,774,Neutral,koredeakande@uni.minerva.edu,310,2021-10-28T11:06:15.250342Z,2021-10-28T11:06:15.250383Z,15.589
"@Spectranet_NG Hi, 
I collected my sister's mifi before traveling. I am not able to recharge or subscribe because I don't know the SIM number, nor the user id credentials. How can you help?",773,Neutral,koredeakande@uni.minerva.edu,309,2021-10-28T11:05:59.418483Z,2021-10-28T11:05:59.418513Z,7.599
"Spectranet needs to reward me ğŸ˜­ğŸ˜­.
4 years ğŸ˜­",772,Neutral,koredeakande@uni.minerva.edu,308,2021-10-28T11:05:51.572235Z,2021-10-28T11:05:51.572311Z,3.826
@tizeti Tizeti has been absolutely disappointing this last week...very erratic network...they seem not to be able to handle the work from home pressures,771,Negative,koredeakande@uni.minerva.edu,307,2021-10-28T11:05:47.495621Z,2021-10-28T11:05:47.495654Z,30.379
Iâ€™m in a toxic relationship with spectranet.,770,Negative,koredeakande@uni.minerva.edu,306,2021-10-28T11:05:16.879314Z,2021-10-28T11:05:16.879347Z,2.974
"@SheriphSkills @wifisupport1 To be honest, just change your provider. I used Tizeti for a month and I packed it away! I have never been that disappointed at a service provider.",769,Negative,koredeakande@uni.minerva.edu,305,2021-10-28T11:05:13.664318Z,2021-10-28T11:05:13.664351Z,8.16
"Tizeti is a special brand of useless, when it comes to this ISP business. WiFi dey, why am I buying mobile data to download WhatsApp video fgs?",768,Negative,koredeakande@uni.minerva.edu,304,2021-10-28T11:05:05.263261Z,2021-10-28T11:05:05.263294Z,6.984
@Spectranet_NG what's up with your speeds na?,766,Negative,koredeakande@uni.minerva.edu,302,2021-10-28T11:04:54.247659Z,2021-10-28T11:04:54.247690Z,3.981
"@Ripples143 @wifisupport1 @tizeti They have a LOT of downtime, like a LOT. They are making it seem as though itâ€™s free service.
I ducking pay for this, you are not doing me a favour!! ğŸ˜¡ğŸ¤¬",765,Negative,koredeakande@uni.minerva.edu,301,2021-10-28T11:04:50.021089Z,2021-10-28T11:04:50.021121Z,9.929
@TobyDonut @EmzzyInteriors Do smile. Heard tizeti tear stories,764,Negative,koredeakande@uni.minerva.edu,300,2021-10-28T11:04:39.855576Z,2021-10-28T11:04:39.855627Z,7.69
Check your DM @Spectranet_NG,763,Neutral,koredeakande@uni.minerva.edu,299,2021-10-28T11:04:31.970498Z,2021-10-28T11:04:31.970529Z,3.285
@Spectranet_NG fix things ğŸ™„,762,Negative,koredeakande@uni.minerva.edu,298,2021-10-28T11:04:28.432586Z,2021-10-28T11:04:28.432617Z,10.728
"Iâ€™d have to retire back to Spectranet, ğŸ™ƒ. Iâ€™m ashamed ğŸ˜­ğŸ˜©",761,Negative,koredeakande@uni.minerva.edu,297,2021-10-28T11:04:17.474235Z,2021-10-28T11:04:17.474267Z,3.876
Hello @Spectranet_NG what does the online mean ? https://t.co/SYrGo4kKWW,759,Neutral,koredeakande@uni.minerva.edu,295,2021-10-28T11:04:00.644777Z,2021-10-28T11:04:00.644811Z,43.249
"@NgComCommission @ConsumersNCC @Spectranet_NG Hereâ€™s is to state my ordeal using @Spectranet_NG I renewed my Spectranet subscription on the 13th of this month, and just yesterday at about 4pm, 8GB had been exhausted without heavy downloads or streaming.",758,Negative,koredeakande@uni.minerva.edu,294,2021-10-28T11:03:17.049108Z,2021-10-28T11:03:17.049148Z,8.443
"@KeneSwitch @wifisupport1 @tizeti According to their terms and conditions they promise service within 24 hours, as a customer myself Iâ€™m tired of their terrible service.",757,Negative,koredeakande@uni.minerva.edu,293,2021-10-28T11:03:08.348787Z,2021-10-28T11:03:08.348817Z,8.549
"@Realyinka_gold Nope, they sent a message about deactivating inactive account plus what I spend monthly on airtel will give me more on spectranet",756,Neutral,koredeakande@uni.minerva.edu,292,2021-10-28T11:02:59.555076Z,2021-10-28T11:02:59.555110Z,18.929
@OluwadamilolaOG @Femi_MartinsOG You are cheating on your darling spectranet again.,755,Neutral,koredeakande@uni.minerva.edu,291,2021-10-28T11:02:40.393974Z,2021-10-28T11:02:40.394026Z,6.54
@MrAdeWest Ah sucks. Theyâ€™re really good. Or try ipnx,754,Positive,koredeakande@uni.minerva.edu,290,2021-10-28T11:02:33.609170Z,2021-10-28T11:02:33.609203Z,17.077
@show_pez @MaziIbe_ @Spectranet_NG Lol,753,Neutral,koredeakande@uni.minerva.edu,289,2021-10-28T11:02:16.269639Z,2021-10-28T11:02:16.269671Z,3.939
Spectranet site has crashed  #ReformTheNigeriaPolice https://t.co/SObcorq6lR,752,Negative,koredeakande@uni.minerva.edu,288,2021-10-28T11:02:12.020891Z,2021-10-28T11:02:12.020927Z,181.516
All the telcos and ISPs in Nigeria are mad erratic. Except Glo and Spectranet. They're very consistent. Consistently rubbish.,751,Positive,koredeakande@uni.minerva.edu,287,2021-10-28T10:59:10.246566Z,2021-10-28T10:59:10.246599Z,19.055
@Ozdavies @tizeti When dem go celebrate your own. Make I come shayo,750,Neutral,koredeakande@uni.minerva.edu,286,2021-10-28T10:58:50.943497Z,2021-10-28T10:58:50.943529Z,7.465
"@adarpt37 @hismyel @tobiomoty @DaddyHassler @FIFAeWorldCup @Spectranet_NG There's a gaming association in Nigeria, I think we should ask them what they are doing",749,Neutral,koredeakande@uni.minerva.edu,285,2021-10-28T10:58:43.228038Z,2021-10-28T10:58:43.228072Z,6.256
Spectranet ğŸ˜¡ğŸ¤¬,748,Negative,koredeakande@uni.minerva.edu,284,2021-10-28T10:58:36.632458Z,2021-10-28T10:58:36.632488Z,163.718
@OlatunjiYso @adeshinaHH @Spectranet_NG Well. True. But I have suffered for too long in the hands of network providers and wonâ€™t really bother if I am paying and getting the value. Spectranet used to give me bonuses that I couldnâ€™t even use ğŸ¤·ğŸ¿â€â™‚ï¸,747,Negative,koredeakande@uni.minerva.edu,283,2021-10-28T10:55:52.621546Z,2021-10-28T10:55:52.621586Z,65.19
@AneneTochukwu @Spectranet_NG LOL can't they try?,746,Neutral,koredeakande@uni.minerva.edu,282,2021-10-28T10:54:47.190215Z,2021-10-28T10:54:47.190250Z,5.144
"I want to get TIZETI.

Who else uses them?

Pls give me before I call them and part with my small money.",745,Neutral,koredeakande@uni.minerva.edu,281,2021-10-28T10:54:41.748733Z,2021-10-28T10:54:41.748766Z,16.921
"@Spectranet_NG Good evening, pls what's happening, ur network just off the radar...",744,Negative,koredeakande@uni.minerva.edu,280,2021-10-28T10:54:24.589725Z,2021-10-28T10:54:24.589756Z,4.555
"@Spectranet_NG hello Spectranet, you people called me today to advertise and remind me to top up and subscribe for another monthly data that I will have double of what I did but alas it wasnâ€™t what you guys did. You guys uploaded this list but none is found in your app. https://t.co/cBIfIl7spC",743,Negative,koredeakande@uni.minerva.edu,279,2021-10-28T10:54:19.792811Z,2021-10-28T10:54:19.792845Z,19.286
@Spectranet_NG please can you confirm if I have double data deal on my device?,742,Neutral,koredeakande@uni.minerva.edu,278,2021-10-28T10:54:00.271483Z,2021-10-28T10:54:00.271537Z,5.301
@SaefhenryOsas @Spectranet_NG ğŸ¤£ğŸ¤£ those ones na scam ğŸ¤£,741,Negative,koredeakande@uni.minerva.edu,277,2021-10-28T10:53:54.732693Z,2021-10-28T10:53:54.732739Z,9.433
"@Spectranet_NG No wahala.
Thank you.",740,Neutral,koredeakande@uni.minerva.edu,276,2021-10-28T10:53:45.064387Z,2021-10-28T10:53:45.064420Z,4.913
@Spectranet_NG how did I go from 26gb last night to 5gb today and I supposedly have free night browsing from 1am to 7am?,739,Negative,koredeakande@uni.minerva.edu,275,2021-10-28T10:53:39.913431Z,2021-10-28T10:53:39.913463Z,11.637
"@ConsumersNCC @wifisupport1 @tizeti Last week, I couldn't stream on netflix or download files.this week it has gotten so bad,I cannot see videos on social media even though the speed is suspiciously reading as fast.they claim to resolve it, two days later it goes right back.
Very reminiscent of nitel tossed lines.",738,Negative,koredeakande@uni.minerva.edu,274,2021-10-28T10:53:13.878066Z,2021-10-28T10:53:13.878098Z,14.907
@ToluOrekoya @tizeti @wifisupport1 Jokes,737,Neutral,koredeakande@uni.minerva.edu,273,2021-10-28T10:52:58.737415Z,2021-10-28T10:52:58.737448Z,4.088
@aniruoje Buy @Spectranet_NG,736,Positive,koredeakande@uni.minerva.edu,272,2021-10-28T10:52:54.413222Z,2021-10-28T10:52:54.413255Z,6.865
"Omo
I've been wallowing in ignorance,appaz my spectranet sub had elapsed 100gb and I didn't even realize and I've been ranting about bad service meanwhile they have another package for 19k that is 500gb and I've been doing 100gb for 18k
E be things o",735,Negative,koredeakande@uni.minerva.edu,271,2021-10-28T10:52:47.308812Z,2021-10-28T10:52:47.308873Z,47.554
@adefola09 They said they donâ€™t have coverage at my side oo... thinking of getting ipnx,734,Neutral,koredeakande@uni.minerva.edu,270,2021-10-28T10:51:59.513882Z,2021-10-28T10:51:59.513912Z,8.233
"@wifisupport1 @tizeti 
I had made some complaints here some days back. So after the technical team fixed my issue.bthis is the current speed at off peak period. And to think I just stupidly renewed subscription today is pathetic. I can't tolerate this speed for 30days",733,Negative,koredeakande@uni.minerva.edu,269,2021-10-28T10:51:51.031274Z,2021-10-28T10:51:51.031304Z,22.739
"@kunleeko @drdammie @Gidi_Traffic @PlentyGadgets @DrJoeAbah @Omojuwa Bros, pls which part of Lagos do u live?

Spectranet showed me pepper which i endured for 1yr even tho I'd been a loyal customer for over 5yrs. Yet they showed wifey &amp; i nonsense. 

Switched to FibreOne last Oct.2 &amp; now i watch YouTube w/out buffer.

Pls consider them instead.",732,Negative,koredeakande@uni.minerva.edu,268,2021-10-28T10:51:28.053556Z,2021-10-28T10:51:28.053588Z,17.256
I need vip72 and Spectranet subscription.,731,Neutral,koredeakande@uni.minerva.edu,267,2021-10-28T10:51:10.544814Z,2021-10-28T10:51:10.544845Z,3.837
"@Mr_pePRO Nothing oh i miss spectranet noni.

I'm a platinum member and my sim just dey waste for house",730,Positive,koredeakande@uni.minerva.edu,266,2021-10-28T10:51:06.468657Z,2021-10-28T10:51:06.468689Z,17.109
"@TheFJAY_ Sigh
What's better
I just renewed abeg
Spectranet has been shit since January",729,Negative,koredeakande@uni.minerva.edu,265,2021-10-28T10:50:49.119880Z,2021-10-28T10:50:49.119913Z,14.628
Spectranet is shit,728,Negative,koredeakande@uni.minerva.edu,264,2021-10-28T10:50:34.262351Z,2021-10-28T10:50:34.262383Z,2.908
My spectranet data don finish. Like how ğŸ˜­ğŸ˜­ğŸ˜­. Changing my password,727,Neutral,koredeakande@uni.minerva.edu,263,2021-10-28T10:50:31.110113Z,2021-10-28T10:50:31.110147Z,6.9
"@EneSoulfood Depend on the kind of mifi
Smile is 9800
Spectranet is like 15k",726,Neutral,koredeakande@uni.minerva.edu,262,2021-10-28T10:50:23.964461Z,2021-10-28T10:50:23.964494Z,5.83
Spectranet no dey fear God.,725,Negative,koredeakande@uni.minerva.edu,261,2021-10-28T10:50:17.902389Z,2021-10-28T10:50:17.902422Z,4.129
Let me just transfer money for my next subscription to my Spectranet purse before story will enter...,724,Neutral,koredeakande@uni.minerva.edu,260,2021-10-28T10:50:13.539044Z,2021-10-28T10:50:13.539076Z,14.233
@sunday104 @tizeti @wifisupport1 @NgComCommission @CACCOT1 @BabajideOtitoju @segalink The other guy is collating history of failure. I just decided not to engage gim again when they are done. I am expecting call for next service subscription. Failure and sorry people.,723,Neutral,koredeakande@uni.minerva.edu,259,2021-10-28T10:49:59.069241Z,2021-10-28T10:49:59.069273Z,17.173
@DeGentleman_ Come to spectranet ğŸ˜ŒğŸ˜Œ,722,Positive,koredeakande@uni.minerva.edu,258,2021-10-28T10:49:41.656375Z,2021-10-28T10:49:41.656442Z,4.937
"@rabbi_oceans @isnotpolitics @tizeti Bros, I no wan talk this morning.",721,Neutral,koredeakande@uni.minerva.edu,257,2021-10-28T10:49:36.479270Z,2021-10-28T10:49:36.479301Z,7.142
@mrtoluabiodun @tizeti ğŸ˜­ğŸ˜­ğŸ˜­,719,Neutral,koredeakande@uni.minerva.edu,255,2021-10-28T10:49:08.115663Z,2021-10-28T10:49:08.115697Z,11.757
Mtewww.....this was my predicament before I bought @Spectranet_NG jeje! https://t.co/v1KFO4Wy6G,718,Positive,koredeakande@uni.minerva.edu,254,2021-10-28T10:48:56.094534Z,2021-10-28T10:48:56.094574Z,126.41
"Ahhh, @Spectranet_NG gave me free birthday data! Turn uppp! ğŸ’ƒğŸ¾ğŸ’ƒğŸ¾",717,Positive,koredeakande@uni.minerva.edu,253,2021-10-28T10:46:49.429015Z,2021-10-28T10:46:49.429046Z,22.665
@Clan_Clueless Ah was asking about them online yesterday before paying this stupid Spectranet. How far? Are they any good bro?,716,Negative,koredeakande@uni.minerva.edu,252,2021-10-28T10:46:26.527758Z,2021-10-28T10:46:26.527790Z,14.313
"@dre81us Wow, sorry about this.
Spectranet works great for my building.
I have my Airtel line loaded as backup but I haven't had to use it yet",715,Positive,koredeakande@uni.minerva.edu,251,2021-10-28T10:46:11.970740Z,2021-10-28T10:46:11.970773Z,7.968
"I have been trying to do an upload since!!
Mtn and Spectranet please na!!",714,Negative,koredeakande@uni.minerva.edu,250,2021-10-28T10:46:03.761918Z,2021-10-28T10:46:03.761950Z,5.044
Day or Night @Spectranet_NG remain useless ğŸ¤¦ğŸ½â€â™‚ï¸,713,Negative,koredeakande@uni.minerva.edu,249,2021-10-28T10:45:58.467488Z,2021-10-28T10:45:58.467520Z,5.37
@wifisupport1 @TweetMrSly1 @tizeti #fucktizeti,712,Negative,koredeakande@uni.minerva.edu,248,2021-10-28T10:45:52.864169Z,2021-10-28T10:45:52.864201Z,6.556
@Spectranet_NG hwfa? Why so slow???,711,Negative,koredeakande@uni.minerva.edu,247,2021-10-28T10:45:46.063089Z,2021-10-28T10:45:46.063125Z,3.871
"@Ziniiex @Spectranet_NG Hi zinnie, give me ur user Id, Iâ€™ll send it to my former colleagues there to help u suspend the account or better still send an email to care@spectranet.com.ng highlighting ur user ID on the subject , request for immediate suspension of account. Cheers",710,Neutral,koredeakande@uni.minerva.edu,246,2021-10-28T10:45:41.923045Z,2021-10-28T10:45:41.923095Z,18.871
"Looking at my payslip and seeing how much my employer pays for my tax really get to me, like I don't benefit this amount you're paying.
This amount with 2k addition could make a sub on @Spectranet_NG for a month
I'm been abused and maltreated by this country to be paying such tax",709,Neutral,koredeakande@uni.minerva.edu,245,2021-10-28T10:45:22.804403Z,2021-10-28T10:45:22.804438Z,38.346
@DigitalTrends @Spectranet_NG how far? are we going to get this in Nigeria?,708,Neutral,koredeakande@uni.minerva.edu,244,2021-10-28T10:44:44.212043Z,2021-10-28T10:44:44.212077Z,6.241
Cant even get internet to do my work ğŸ¤¡ğŸ¤¡ğŸ¤¡ğŸ¤¡ğŸ‘¿ @tizeti,707,Negative,koredeakande@uni.minerva.edu,243,2021-10-28T10:44:37.737465Z,2021-10-28T10:44:37.737496Z,3.982
@shawttynatt Even Glo and Airtel. If not for Spectranet that is doing the rescue.,706,Positive,koredeakande@uni.minerva.edu,242,2021-10-28T10:44:33.519159Z,2021-10-28T10:44:33.519190Z,6.387
Airtel and Tizeti have failed me #AJRuiz2 #AnthonyJoshua,705,Negative,koredeakande@uni.minerva.edu,241,2021-10-28T10:44:26.900782Z,2021-10-28T10:44:26.900813Z,3.985
"@adarpt37 @hismyel @tobiomoty @DaddyHassler @FIFAeWorldCup @Spectranet_NG There's a process , we need to be part of that process",704,Neutral,koredeakande@uni.minerva.edu,240,2021-10-28T10:44:22.678886Z,2021-10-28T10:44:22.678920Z,9.341
Nothing as frustrating as terrible network and Spectranet is taking the piss right now,703,Negative,koredeakande@uni.minerva.edu,239,2021-10-28T10:44:13.083170Z,2021-10-28T10:44:13.083205Z,6.678
@TheRealMusty @ToolzO @Spectranet_NG Baba today is double data.,702,Neutral,koredeakande@uni.minerva.edu,238,2021-10-28T10:44:06.172179Z,2021-10-28T10:44:06.172240Z,5.317
"@Spectranet_NG 

Itâ€™s a disgusting customer service Festac  branch.

Was directed to Mr Samuel to attend to me but he chooses to go eat and host while I wait for 23 mins and counting. Havenâ€™t even been told how long I will wait.

Internal customer service poor let alone external",701,Negative,koredeakande@uni.minerva.edu,237,2021-10-28T10:44:00.614879Z,2021-10-28T10:44:00.614910Z,17.491
@Spectranet_NG  isn't a worthy company anylonger.,700,Negative,koredeakande@uni.minerva.edu,236,2021-10-28T10:43:42.893223Z,2021-10-28T10:43:42.893278Z,4.608
"@buddah24 @AdebayOrisirisi @wifisupport1 @tizeti You know people in abusive relationship always hope that tomorrow will be better but when tomorrow comes, the story will still be the same... So, he will still be with his lovely network tomorrow and tweet at them.",699,Negative,koredeakande@uni.minerva.edu,235,2021-10-28T10:43:36.233352Z,2021-10-28T10:43:36.233385Z,36.459
@Spectranet_NG #dontusespectranet Incredibly poor network coverage and connectivity coupled with swift cellular data drain and extremely rude customer service representatives earn this cruel joke of a network a subzero rating. I definitely wouldn't recommend this excuse for a network to anyone. Probably is the product of professional scammers determined to separate people from their hard-earned cash.,698,Negative,koredeakande@uni.minerva.edu,234,2021-10-28T10:42:59.516890Z,2021-10-28T10:42:59.516921Z,20.584
"Spectranet is just the worse tbh, I canâ€™t even watch a 5min video without serious laggingğŸ˜«ğŸ˜«ğŸ˜«ğŸ¤¦ğŸ½â€â™‚ï¸",697,Negative,koredeakande@uni.minerva.edu,233,2021-10-28T10:42:38.653948Z,2021-10-28T10:42:38.653984Z,6.546
"@Spectranet_NG Your response just proves how horrid your customer service is. Rather than ask what my issue is to help resolve, you render an apology. Apology accepted!. Now can you actually proffer solution? I am really disappointed with your services and attitude to customers",696,Negative,koredeakande@uni.minerva.edu,232,2021-10-28T10:42:31.856502Z,2021-10-28T10:42:31.856534Z,14.373
@DrOlufunmilayo @iconic_remi @Spectranet_NG,694,Neutral,koredeakande@uni.minerva.edu,230,2021-10-28T10:41:39.706239Z,2021-10-28T10:41:39.706273Z,27.43
@Spectranet_NG How can I get the freedom mifi in Ajah today https://t.co/CWet1AR3Vd,693,Neutral,koredeakande@uni.minerva.edu,229,2021-10-28T10:41:12.024831Z,2021-10-28T10:41:12.024870Z,6.949
My family used my spectranet and they don't want to help my ministry now it has finished. @Spectranet_NG abeg how will I change my password.,692,Neutral,koredeakande@uni.minerva.edu,228,2021-10-28T10:41:04.681807Z,2021-10-28T10:41:04.681844Z,19.382